job_id,submit_time,duration,num_cpu,num_gpu,user,gpu_type,mem,wait_time,status,source
cold_start_storm_00000000,7213.818192397921,5.669821828395858,2.0,2.0,user_0115,V100,4.052058973073592,0.0,completed,cold_start_storm
cold_start_storm_00000001,7213.958089542847,14.438428490801227,6.0,2.0,user_0127,V100,20.290478279185425,0.0,completed,cold_start_storm
cold_start_storm_00000002,7214.001308242696,2.6241881978784303,4.0,4.0,user_0082,V100,5.373148756357541,0.0,completed,cold_start_storm
cold_start_storm_00000003,7214.727638500549,18.296827466012537,5.0,0.0,user_0081,,13.831155431301264,0.0,completed,cold_start_storm
cold_start_storm_00000004,7215.432618847678,28.272779145349897,6.0,1.0,user_0135,H100,7.696702386458942,0.0,completed,cold_start_storm
cold_start_storm_00000005,7216.994766825953,35.878558076422664,4.0,0.0,user_0149,,5.770220951411885,0.0,failed,cold_start_storm
cold_start_storm_00000006,7217.034413924544,11.288591031044607,4.0,1.0,user_0161,T4,2.4977289128447535,0.0,completed,cold_start_storm
cold_start_storm_00000007,7217.557694347816,3.7754616737832642,2.0,4.0,user_0066,V100,6.666275404710626,0.0,completed,cold_start_storm
cold_start_storm_00000008,7217.592912501215,2.744651815735282,3.0,2.0,user_0084,A100,2.8990122015604376,0.0,completed,cold_start_storm
cold_start_storm_00000009,7218.137424315227,2.6997934426037014,3.0,2.0,user_0066,A100,13.20214797200164,0.0,completed,cold_start_storm
cold_start_storm_00000010,7219.0030879916685,0.5147903600596042,6.0,1.0,user_0105,A100,18.358186288505088,0.0,completed,cold_start_storm
cold_start_storm_00000011,7219.196535403964,20.225264398940766,2.0,1.0,user_0025,H100,4.580707244595998,0.0,completed,cold_start_storm
cold_start_storm_00000012,7219.812328235294,10.040465055248172,7.0,1.0,user_0086,V100,8.856772720641377,0.0,failed,cold_start_storm
cold_start_storm_00000013,7219.889214862208,32.827973653089714,6.0,0.0,user_0037,,4.781551554352377,0.0,killed,cold_start_storm
cold_start_storm_00000014,7219.9350034959025,1.9135101261043308,3.0,2.0,user_0106,T4,5.067811977946263,0.0,completed,cold_start_storm
cold_start_storm_00000015,7220.092593096969,45.67599307372616,2.0,1.0,user_0170,A100,11.759916267319301,0.0,completed,cold_start_storm
cold_start_storm_00000016,7220.543192734654,8.623437818684884,3.0,1.0,user_0197,A100,7.220159491483726,0.0,completed,cold_start_storm
cold_start_storm_00000017,7220.7496853995235,1.7578456281502324,6.0,0.0,user_0089,,20.984599785724892,0.0,completed,cold_start_storm
cold_start_storm_00000018,7221.37337837443,0.2808467593931078,4.0,1.0,user_0011,V100,5.532614633675722,0.0,completed,cold_start_storm
cold_start_storm_00000019,7221.4851665605365,3.31236797080184,6.0,1.0,user_0045,H100,13.458377834866255,0.0,killed,cold_start_storm
cold_start_storm_00000020,7222.404151692608,28.462281462128903,5.0,1.0,user_0020,A100,7.833802683853046,0.0,completed,cold_start_storm
cold_start_storm_00000021,7223.017694624215,3.306581332333743,4.0,1.0,user_0151,T4,11.911053158289581,0.0,completed,cold_start_storm
cold_start_storm_00000022,7223.345592701197,18.41592148222143,3.0,0.0,user_0196,,5.650281718530053,0.0,completed,cold_start_storm
cold_start_storm_00000023,7223.554136054353,1.2145318544286237,6.0,4.0,user_0110,A100,7.172574799492451,0.0,completed,cold_start_storm
cold_start_storm_00000024,7223.780795899002,8.74635774913689,8.0,1.0,user_0035,V100,6.894339222968758,0.0,completed,cold_start_storm
cold_start_storm_00000025,7223.81933447253,14.717856248777876,7.0,0.0,user_0004,,4.474370766904163,0.0,killed,cold_start_storm
cold_start_storm_00000026,7223.909150599718,26.23090554798778,3.0,4.0,user_0195,V100,10.992892424702864,0.0,completed,cold_start_storm
cold_start_storm_00000027,7224.251810825519,16.155184265336587,3.0,0.0,user_0063,,10.915124577372811,0.0,completed,cold_start_storm
cold_start_storm_00000028,7224.4461509436,0.6932223755724274,5.0,1.0,user_0022,V100,10.550073396829655,0.0,completed,cold_start_storm
cold_start_storm_00000029,7225.078254372382,22.580717248153753,6.0,2.0,user_0035,V100,18.581740265062173,0.0,failed,cold_start_storm
cold_start_storm_00000030,7225.43249968609,0.08138049144033217,5.0,4.0,user_0051,H100,17.63008611098351,0.0,completed,cold_start_storm
cold_start_storm_00000031,7225.551464663239,2.977047477746178,1.0,0.0,user_0131,,5.900476946831968,0.0,completed,cold_start_storm
cold_start_storm_00000032,7225.782008831367,36.03796750166399,1.0,0.0,user_0178,,9.242675417215073,0.0,completed,cold_start_storm
cold_start_storm_00000033,7226.102787199963,18.755958496702718,4.0,2.0,user_0055,H100,5.0826845993696255,0.0,completed,cold_start_storm
cold_start_storm_00000034,7226.274703880682,17.55719977787215,3.0,1.0,user_0137,A100,7.49332923681419,0.0,failed,cold_start_storm
cold_start_storm_00000035,7226.435659491135,10.452919174058339,6.0,2.0,user_0012,A100,5.1559445498473435,0.0,completed,cold_start_storm
cold_start_storm_00000036,7226.8751168322315,18.181305271158013,4.0,8.0,user_0002,T4,19.531766384657363,0.0,killed,cold_start_storm
cold_start_storm_00000037,7227.0235904366955,3.0068085453757574,6.0,4.0,user_0010,H100,9.190946194479235,0.0,completed,cold_start_storm
cold_start_storm_00000038,7227.690441649212,11.554675694085846,6.0,1.0,user_0184,A100,6.48299453447342,0.0,completed,cold_start_storm
cold_start_storm_00000039,7228.385873642334,6.660261046575043,10.0,1.0,user_0116,A100,15.122310094574893,0.0,completed,cold_start_storm
cold_start_storm_00000040,7228.927915106317,5.9217794665900145,3.0,0.0,user_0161,,2.008987279634792,0.0,completed,cold_start_storm
cold_start_storm_00000041,7448.579992798486,16.004912785401924,3.0,1.0,user_0004,H100,2.206788835087076,0.0,completed,cold_start_storm
cold_start_storm_00000042,7449.257161792419,4.340176960156393,4.0,2.0,user_0004,A100,11.911486577064785,0.0,completed,cold_start_storm
cold_start_storm_00000043,7449.818181618147,14.377234470685638,7.0,1.0,user_0169,V100,7.662061469346195,0.0,completed,cold_start_storm
cold_start_storm_00000044,7449.958206178266,7.855818602108413,1.0,0.0,user_0020,,8.587157559723959,0.0,completed,cold_start_storm
cold_start_storm_00000045,7450.118674273784,31.04737327746689,2.0,1.0,user_0031,V100,3.333965172151927,0.0,killed,cold_start_storm
cold_start_storm_00000046,7450.201542227434,4.004044576545282,5.0,8.0,user_0103,A100,7.286765615969039,0.0,completed,cold_start_storm
cold_start_storm_00000047,7450.37872398378,1.0973566498257608,8.0,1.0,user_0121,A100,24.584241450793584,0.0,completed,cold_start_storm
cold_start_storm_00000048,7450.389293861985,33.24028098521373,3.0,1.0,user_0045,V100,12.115913718788194,0.0,completed,cold_start_storm
cold_start_storm_00000049,7450.472972060043,51.21865964101458,1.0,1.0,user_0088,V100,8.181078002559165,0.0,completed,cold_start_storm
cold_start_storm_00000050,7451.130500482316,16.871836912928202,3.0,4.0,user_0134,H100,5.677821690242017,0.0,completed,cold_start_storm
cold_start_storm_00000051,7453.128378617908,0.6953973889596138,5.0,8.0,user_0088,T4,5.831395218971343,0.0,completed,cold_start_storm
cold_start_storm_00000052,7453.410147664103,0.27497077291803573,2.0,1.0,user_0076,T4,2.0595371363861616,0.0,completed,cold_start_storm
cold_start_storm_00000053,7453.552167514903,1.6226535626231227,2.0,1.0,user_0014,H100,8.624303901195802,0.0,completed,cold_start_storm
cold_start_storm_00000054,7453.751045641857,31.757367075674935,4.0,1.0,user_0090,V100,12.271627187999767,0.0,completed,cold_start_storm
cold_start_storm_00000055,7453.9317167533245,52.846432855396586,8.0,4.0,user_0160,V100,2.8709081368157405,0.0,completed,cold_start_storm
cold_start_storm_00000056,7453.996533554936,2.302864340754356,5.0,0.0,user_0125,,4.96865840290896,0.0,completed,cold_start_storm
cold_start_storm_00000057,7454.538196122372,2.623378063293043,8.0,2.0,user_0178,A100,3.689611694454206,0.0,completed,cold_start_storm
cold_start_storm_00000058,7455.22612054913,3.2595573592688862,2.0,0.0,user_0025,,4.140387088544122,0.0,completed,cold_start_storm
cold_start_storm_00000059,7455.9800251144525,29.19237480236586,5.0,1.0,user_0002,H100,7.6300086279842665,0.0,completed,cold_start_storm
cold_start_storm_00000060,7458.634966512332,14.693080863627966,3.0,0.0,user_0109,,2.1156428345578444,0.0,completed,cold_start_storm
cold_start_storm_00000061,7459.688296629721,13.926877951792132,4.0,1.0,user_0035,V100,10.682023298499926,0.0,completed,cold_start_storm
cold_start_storm_00000062,7460.510729549968,0.1434976900443239,5.0,2.0,user_0118,A100,11.615182075122052,0.0,completed,cold_start_storm
cold_start_storm_00000063,7461.032475290956,9.148249668948132,5.0,1.0,user_0180,A100,6.355613557435764,0.0,failed,cold_start_storm
cold_start_storm_00000064,7461.328737390437,10.061681649786824,6.0,0.0,user_0067,,1.6679159183605894,0.0,completed,cold_start_storm
cold_start_storm_00000065,7461.350964168573,4.067269082422029,2.0,1.0,user_0109,V100,4.063923248518137,0.0,completed,cold_start_storm
cold_start_storm_00000066,7461.8292655619825,0.6909342140921894,2.0,1.0,user_0136,H100,15.482976971019697,0.0,completed,cold_start_storm
cold_start_storm_00000067,7462.139957105729,15.885606313192858,5.0,1.0,user_0030,H100,1.3954311443357714,0.0,completed,cold_start_storm
cold_start_storm_00000068,7462.893937793284,15.396711355311952,2.0,1.0,user_0179,H100,5.99835912514844,0.0,completed,cold_start_storm
cold_start_storm_00000069,7463.907938583862,5.429671799353158,3.0,1.0,user_0040,V100,3.6400576990837235,0.0,completed,cold_start_storm
cold_start_storm_00000070,8460.576793793234,11.14981036922228,3.0,0.0,user_0161,,11.974054463237119,0.0,completed,cold_start_storm
cold_start_storm_00000071,8461.85350349313,24.619846300042504,4.0,0.0,user_0131,,4.9279921274410565,0.0,completed,cold_start_storm
cold_start_storm_00000072,8462.264039291435,19.738277514908823,1.0,4.0,user_0028,A100,9.415642598806686,0.0,failed,cold_start_storm
cold_start_storm_00000073,8463.329510734357,7.067869670727508,2.0,1.0,user_0144,H100,10.373725876608288,0.0,completed,cold_start_storm
cold_start_storm_00000074,8463.706018107026,69.5504376855439,3.0,1.0,user_0039,V100,22.236509360255468,0.0,completed,cold_start_storm
cold_start_storm_00000075,8464.36301513085,4.42837368223679,6.0,0.0,user_0119,,6.541947040621669,0.0,completed,cold_start_storm
cold_start_storm_00000076,8464.50740662819,9.713709736443127,4.0,1.0,user_0191,H100,9.25928305480511,0.0,killed,cold_start_storm
cold_start_storm_00000077,8464.57461525361,29.307183720516157,15.0,1.0,user_0190,V100,3.031224649216275,0.0,completed,cold_start_storm
cold_start_storm_00000078,8464.64585566998,21.443821356611863,6.0,0.0,user_0174,,15.09325775742059,0.0,completed,cold_start_storm
cold_start_storm_00000079,8464.704696829018,10.388320766502659,4.0,1.0,user_0098,A100,4.681856368221353,0.0,completed,cold_start_storm
cold_start_storm_00000080,8464.732033388475,13.900963600473988,10.0,1.0,user_0111,T4,5.278001390574894,0.0,completed,cold_start_storm
cold_start_storm_00000081,8465.590329984223,25.04235299335875,7.0,0.0,user_0060,,7.2910773744432795,0.0,completed,cold_start_storm
cold_start_storm_00000082,8465.814637483605,9.304641805854331,3.0,0.0,user_0184,,2.8929287370361743,0.0,completed,cold_start_storm
cold_start_storm_00000083,8466.007703114938,1.8562465519737021,5.0,0.0,user_0095,,8.476198145355314,0.0,completed,cold_start_storm
cold_start_storm_00000084,8466.475182782233,3.7520544511989904,8.0,4.0,user_0154,H100,13.203471187274253,0.0,failed,cold_start_storm
cold_start_storm_00000085,8466.568816509967,11.97053504237965,8.0,1.0,user_0071,H100,8.808879916272534,0.0,completed,cold_start_storm
cold_start_storm_00000086,8467.527962730894,0.7964914915864335,3.0,2.0,user_0148,A100,2.848126647517622,0.0,completed,cold_start_storm
cold_start_storm_00000087,8468.173940750614,16.1158580958567,6.0,2.0,user_0044,A100,6.860047894385047,0.0,completed,cold_start_storm
cold_start_storm_00000088,8468.338561848614,1.2781803612724134,3.0,0.0,user_0146,,11.53305594145839,0.0,completed,cold_start_storm
cold_start_storm_00000089,8468.4388577558,6.27151493825833,7.0,2.0,user_0009,V100,2.394577342688981,0.0,completed,cold_start_storm
cold_start_storm_00000090,8468.704367560435,15.51356172845565,8.0,2.0,user_0020,T4,3.8773052599376476,0.0,completed,cold_start_storm
cold_start_storm_00000091,8468.856782995339,2.896992954328209,3.0,0.0,user_0070,,12.502469220608114,0.0,completed,cold_start_storm
cold_start_storm_00000092,8468.894652344785,10.937808008748531,7.0,0.0,user_0096,,8.688994809725614,0.0,completed,cold_start_storm
cold_start_storm_00000093,8469.14643224401,83.78708429759236,2.0,0.0,user_0142,,9.46104601419388,0.0,completed,cold_start_storm
cold_start_storm_00000094,8470.27237152636,1.0327358652716023,2.0,0.0,user_0071,,22.549139026437192,0.0,completed,cold_start_storm
cold_start_storm_00000095,8470.776796495042,13.908311327400751,11.0,0.0,user_0003,,9.78775061984695,0.0,completed,cold_start_storm
cold_start_storm_00000096,8472.318002107848,16.184167977277806,6.0,1.0,user_0065,V100,10.96526781670758,0.0,completed,cold_start_storm
cold_start_storm_00000097,8473.341218270414,16.518038995448972,8.0,2.0,user_0087,H100,37.57907262519329,0.0,completed,cold_start_storm
cold_start_storm_00000098,8473.900164319835,44.827394908410085,4.0,0.0,user_0108,,6.4994480970185995,0.0,completed,cold_start_storm
cold_start_storm_00000099,8474.825464517384,18.960154794962616,5.0,0.0,user_0128,,4.578037174877596,0.0,completed,cold_start_storm
cold_start_storm_00000100,8475.188929859169,49.8227297916596,7.0,0.0,user_0049,,9.55130542576504,0.0,completed,cold_start_storm
cold_start_storm_00000101,8475.722854487169,10.517700657470934,5.0,0.0,user_0122,,9.615675367785952,0.0,killed,cold_start_storm
cold_start_storm_00000102,8475.912963930246,10.940887237651674,6.0,0.0,user_0126,,5.386903687409185,0.0,failed,cold_start_storm
cold_start_storm_00000103,8476.022490996118,54.91384424542478,2.0,8.0,user_0155,A100,3.9771353079609097,0.0,completed,cold_start_storm
cold_start_storm_00000104,8477.09494968808,14.175594460344467,4.0,1.0,user_0104,A100,29.54476743615992,0.0,completed,cold_start_storm
cold_start_storm_00000105,8477.165101169065,5.074385512225134,5.0,0.0,user_0162,,8.989939171611862,0.0,completed,cold_start_storm
cold_start_storm_00000106,8477.259050666571,22.20196565672712,9.0,1.0,user_0044,T4,4.761814395591192,0.0,completed,cold_start_storm
cold_start_storm_00000107,8477.414171535358,15.327063315651072,7.0,1.0,user_0142,T4,12.801446615399787,0.0,completed,cold_start_storm
cold_start_storm_00000108,8477.897921225445,19.66887014663016,6.0,0.0,user_0009,,6.920672237530517,0.0,completed,cold_start_storm
cold_start_storm_00000109,8478.104840763455,14.133083051867612,4.0,8.0,user_0020,H100,6.348833734698341,0.0,completed,cold_start_storm
cold_start_storm_00000110,8478.447082231112,28.326986542275534,6.0,2.0,user_0172,H100,10.353904791980419,0.0,completed,cold_start_storm
cold_start_storm_00000111,8479.526971681575,7.408441241446344,5.0,1.0,user_0095,A100,3.403725745151649,0.0,completed,cold_start_storm
cold_start_storm_00000112,8480.297831799593,2.9257501170170195,8.0,1.0,user_0124,T4,9.130097031813095,0.0,completed,cold_start_storm
cold_start_storm_00000113,8480.883455294786,3.8242613349597137,7.0,0.0,user_0120,,23.284150304050257,0.0,completed,cold_start_storm
cold_start_storm_00000114,8480.968930260016,19.29572652715008,2.0,0.0,user_0138,,9.773812326051736,0.0,failed,cold_start_storm
cold_start_storm_00000115,8481.563640728362,15.106205639599194,5.0,2.0,user_0049,A100,5.895991644447577,0.0,completed,cold_start_storm
cold_start_storm_00000116,8481.790879894163,46.68954058338251,2.0,0.0,user_0035,,5.450660705765647,0.0,killed,cold_start_storm
cold_start_storm_00000117,8481.85276169261,11.532040284745737,5.0,8.0,user_0008,H100,5.776488753465816,0.0,completed,cold_start_storm
cold_start_storm_00000118,8482.052474551638,4.900252848665703,7.0,1.0,user_0172,T4,6.344716334112714,0.0,completed,cold_start_storm
cold_start_storm_00000119,8482.087753269732,54.91865902960934,3.0,1.0,user_0044,H100,5.890353897625731,0.0,completed,cold_start_storm
cold_start_storm_00000120,11227.829042093374,39.390974153574625,11.0,2.0,user_0115,H100,12.804374426919896,0.0,completed,cold_start_storm
cold_start_storm_00000121,11227.976192148026,26.24419305416582,2.0,1.0,user_0090,V100,2.611891151505087,0.0,completed,cold_start_storm
cold_start_storm_00000122,11227.99911285654,35.22077939080689,2.0,1.0,user_0032,T4,12.393845642458283,0.0,completed,cold_start_storm
cold_start_storm_00000123,11229.363768080035,8.079921747149795,1.0,1.0,user_0082,V100,5.883713351301809,0.0,completed,cold_start_storm
cold_start_storm_00000124,11229.7676676598,4.593576087366717,4.0,0.0,user_0016,,9.264303406402457,0.0,completed,cold_start_storm
cold_start_storm_00000125,11230.511704054696,6.234861155591546,15.0,0.0,user_0035,,3.757700698073312,0.0,completed,cold_start_storm
cold_start_storm_00000126,11230.688101497752,34.11293056064556,3.0,1.0,user_0027,V100,16.398315893059877,0.0,completed,cold_start_storm
cold_start_storm_00000127,11231.526301929402,23.147769108718254,3.0,2.0,user_0164,H100,15.601717059312692,0.0,completed,cold_start_storm
cold_start_storm_00000128,16158.056325613727,0.9636746948045665,5.0,1.0,user_0113,V100,13.141226050647479,0.0,completed,cold_start_storm
cold_start_storm_00000129,16158.393123702785,17.82991995302672,5.0,1.0,user_0185,H100,2.9776879227335056,0.0,completed,cold_start_storm
cold_start_storm_00000130,16159.09200291442,5.309495186183234,2.0,0.0,user_0087,,12.15174332022142,0.0,completed,cold_start_storm
cold_start_storm_00000131,16159.21385239025,46.61289164613261,7.0,1.0,user_0040,H100,9.420734449445439,0.0,completed,cold_start_storm
cold_start_storm_00000132,16159.705763063446,24.01995575486146,3.0,2.0,user_0121,H100,2.820283048496727,0.0,completed,cold_start_storm
cold_start_storm_00000133,16159.84888455777,17.227567827762613,2.0,0.0,user_0185,,7.282116658459877,0.0,completed,cold_start_storm
cold_start_storm_00000134,16160.655857026492,12.087183286921338,5.0,0.0,user_0106,,9.195559398184399,0.0,completed,cold_start_storm
cold_start_storm_00000135,16160.887394802532,3.261935588263372,5.0,1.0,user_0003,V100,10.315474684226384,0.0,completed,cold_start_storm
cold_start_storm_00000136,16161.276943396339,19.05952336752884,5.0,0.0,user_0060,,8.218246130386875,0.0,completed,cold_start_storm
cold_start_storm_00000137,16161.540978683046,11.896376491279172,6.0,1.0,user_0184,T4,8.799886732622504,0.0,completed,cold_start_storm
cold_start_storm_00000138,16161.917733708642,28.04418332863836,14.0,1.0,user_0103,H100,17.88865718819851,0.0,completed,cold_start_storm
cold_start_storm_00000139,16162.153884177644,6.39946126881501,5.0,0.0,user_0190,,15.419305773476998,0.0,completed,cold_start_storm
cold_start_storm_00000140,16162.46038114568,17.158095855618498,3.0,1.0,user_0101,A100,1.3228215956863807,0.0,completed,cold_start_storm
cold_start_storm_00000141,16162.474741901413,1.6797933534511362,4.0,1.0,user_0002,T4,6.107618138195231,0.0,completed,cold_start_storm
cold_start_storm_00000142,16163.268496391664,3.637066890043552,4.0,1.0,user_0174,T4,6.69398514391849,0.0,completed,cold_start_storm
cold_start_storm_00000143,16164.523320585833,3.4966606511953824,8.0,0.0,user_0152,,2.582455928340512,0.0,completed,cold_start_storm
cold_start_storm_00000144,16164.813800352198,6.824927643404283,2.0,0.0,user_0143,,7.818633811941952,0.0,completed,cold_start_storm
cold_start_storm_00000145,16166.515845000546,31.48023941645114,4.0,1.0,user_0194,V100,15.630977202718473,0.0,completed,cold_start_storm
cold_start_storm_00000146,16166.59988824861,9.81682624957424,3.0,4.0,user_0039,H100,3.8499466237619253,0.0,completed,cold_start_storm
cold_start_storm_00000147,16167.992212053077,11.69168474921863,6.0,1.0,user_0181,A100,9.04163990356652,0.0,completed,cold_start_storm
cold_start_storm_00000148,16168.17438927024,1.3020474146403302,6.0,0.0,user_0046,,4.265271828535869,0.0,killed,cold_start_storm
cold_start_storm_00000149,18175.3676668427,9.400327385886648,2.0,0.0,user_0194,,4.93746867445133,0.0,completed,cold_start_storm
cold_start_storm_00000150,18175.431129309163,10.308922571109255,12.0,0.0,user_0038,,17.929298823138275,0.0,killed,cold_start_storm
cold_start_storm_00000151,18175.526621789202,6.4465389860252875,2.0,0.0,user_0110,,5.335941300692158,0.0,completed,cold_start_storm
cold_start_storm_00000152,18176.19788611593,16.581180028261734,12.0,0.0,user_0157,,9.750587049539515,0.0,completed,cold_start_storm
cold_start_storm_00000153,18176.68907557668,10.663487675532643,3.0,0.0,user_0015,,2.4043248352561846,0.0,completed,cold_start_storm
cold_start_storm_00000154,18176.833059996552,2.7766420130557807,3.0,0.0,user_0013,,22.587361785671327,0.0,completed,cold_start_storm
cold_start_storm_00000155,19507.85781725202,14.134025347162622,3.0,1.0,user_0169,H100,10.607820029809547,0.0,completed,cold_start_storm
cold_start_storm_00000156,19508.0369774522,10.86377679184594,2.0,2.0,user_0012,A100,6.622679818188736,0.0,completed,cold_start_storm
cold_start_storm_00000157,19508.419509879313,6.439002039762614,3.0,8.0,user_0122,T4,10.436694421241544,0.0,completed,cold_start_storm
cold_start_storm_00000158,19508.59660248953,0.41785879687445254,3.0,1.0,user_0187,H100,3.171194537542247,0.0,failed,cold_start_storm
cold_start_storm_00000159,19508.748761746207,8.244473270342237,13.0,0.0,user_0122,,15.022039835208762,0.0,completed,cold_start_storm
cold_start_storm_00000160,19509.81553284349,11.183869758619117,3.0,0.0,user_0096,,6.083676098318491,0.0,completed,cold_start_storm
cold_start_storm_00000161,19510.093824362375,22.11057489372468,5.0,4.0,user_0083,A100,6.53752263011775,0.0,completed,cold_start_storm
cold_start_storm_00000162,19510.763536996605,13.32464009489049,2.0,2.0,user_0127,H100,5.501422147134736,0.0,completed,cold_start_storm
cold_start_storm_00000163,19510.91488828549,3.254528103463442,6.0,1.0,user_0114,T4,5.215365427330628,0.0,completed,cold_start_storm
cold_start_storm_00000164,19511.007905832495,22.76967066314432,3.0,1.0,user_0100,T4,11.20995661618422,0.0,completed,cold_start_storm
cold_start_storm_00000165,19511.579109743092,21.883128892113564,5.0,0.0,user_0030,,8.615338059944659,0.0,completed,cold_start_storm
cold_start_storm_00000166,19512.287836476164,0.7330114983009545,3.0,0.0,user_0132,,10.924946946801175,0.0,completed,cold_start_storm
cold_start_storm_00000167,19512.763279698593,39.68403302185049,8.0,1.0,user_0147,V100,7.350168119089446,0.0,completed,cold_start_storm
cold_start_storm_00000168,19513.356955505107,41.99835816377815,6.0,2.0,user_0141,V100,10.053490490024291,0.0,completed,cold_start_storm
cold_start_storm_00000169,19513.86638171779,3.8285976796995262,3.0,0.0,user_0015,,5.747073413332928,0.0,completed,cold_start_storm
cold_start_storm_00000170,19514.412359693288,6.739101929440837,3.0,1.0,user_0140,A100,28.15821396797522,0.0,failed,cold_start_storm
cold_start_storm_00000171,19515.539700994035,1.080934346144372,5.0,0.0,user_0145,,2.884183228413846,0.0,completed,cold_start_storm
cold_start_storm_00000172,19516.95143551891,20.178095114781183,11.0,1.0,user_0036,H100,15.74562256307058,0.0,completed,cold_start_storm
cold_start_storm_00000173,19517.28261418919,11.231486383270372,2.0,0.0,user_0169,,16.789345191740264,0.0,completed,cold_start_storm
cold_start_storm_00000174,19517.32798665794,18.97823802194499,2.0,2.0,user_0104,T4,4.43135194262098,0.0,completed,cold_start_storm
cold_start_storm_00000175,19518.02985381049,16.335877508585913,3.0,0.0,user_0094,,28.150473254681053,0.0,completed,cold_start_storm
cold_start_storm_00000176,19518.45295060353,20.798843016295557,5.0,4.0,user_0144,H100,13.427356688650612,0.0,completed,cold_start_storm
cold_start_storm_00000177,19519.673183897085,9.449079037719903,15.0,0.0,user_0101,,13.232598970786173,0.0,completed,cold_start_storm
cold_start_storm_00000178,19520.195420590073,4.455700247956155,1.0,2.0,user_0108,H100,7.514340880820989,0.0,completed,cold_start_storm
cold_start_storm_00000179,19520.265555402537,8.916986091319822,15.0,1.0,user_0062,V100,6.486118676618991,0.0,killed,cold_start_storm
cold_start_storm_00000180,19520.790159093936,2.636180243395427,7.0,2.0,user_0185,A100,6.516612617741996,0.0,completed,cold_start_storm
cold_start_storm_00000181,19521.076381448656,63.42935542217946,2.0,0.0,user_0193,,9.340113066530325,0.0,completed,cold_start_storm
cold_start_storm_00000182,19521.13394951837,8.368286349527105,11.0,1.0,user_0026,A100,17.127952276884553,0.0,completed,cold_start_storm
cold_start_storm_00000183,19521.270874573434,4.944371792813957,5.0,8.0,user_0146,A100,8.23825484402475,0.0,failed,cold_start_storm
cold_start_storm_00000184,19523.008894370032,6.7548046245876705,2.0,2.0,user_0004,A100,4.276495330402079,0.0,completed,cold_start_storm
cold_start_storm_00000185,19523.21035799984,7.173042229356566,6.0,0.0,user_0073,,12.11756723648116,0.0,completed,cold_start_storm
cold_start_storm_00000186,19523.339403436286,10.61115274740819,4.0,1.0,user_0193,A100,12.841607021100678,0.0,failed,cold_start_storm
cold_start_storm_00000187,19523.561456424188,10.667065600116178,8.0,0.0,user_0034,,10.94404767423053,0.0,failed,cold_start_storm
cold_start_storm_00000188,19524.595133611598,5.362858942766582,4.0,0.0,user_0075,,11.557092802177513,0.0,completed,cold_start_storm
cold_start_storm_00000189,19525.139551699885,10.8336088448566,3.0,1.0,user_0043,T4,6.280459344948673,0.0,completed,cold_start_storm
cold_start_storm_00000190,20118.25888459936,61.303096220173636,10.0,1.0,user_0145,H100,4.231711409301357,0.0,completed,cold_start_storm
cold_start_storm_00000191,20118.47789635714,1.9571079025181295,5.0,0.0,user_0092,,4.388923328831201,0.0,completed,cold_start_storm
cold_start_storm_00000192,20118.553209832542,3.2032814485599532,4.0,2.0,user_0118,H100,2.7696530258441796,0.0,completed,cold_start_storm
cold_start_storm_00000193,20119.58694087354,48.00898165575272,5.0,1.0,user_0188,T4,8.517894338498682,0.0,completed,cold_start_storm
cold_start_storm_00000194,20119.640234971637,25.875898120235572,6.0,0.0,user_0104,,7.028200720713301,0.0,completed,cold_start_storm
cold_start_storm_00000195,20119.982356266744,51.00294443864198,2.0,1.0,user_0146,T4,5.674641430294397,0.0,completed,cold_start_storm
cold_start_storm_00000196,20120.491120000428,18.69133971539886,2.0,2.0,user_0019,V100,1.2543640428620793,0.0,completed,cold_start_storm
cold_start_storm_00000197,20121.926122697358,31.31981661247938,3.0,1.0,user_0043,V100,3.495965251296867,0.0,completed,cold_start_storm
cold_start_storm_00000198,20122.071361775554,1.3555515475451068,6.0,1.0,user_0189,V100,14.476177840784889,0.0,completed,cold_start_storm
cold_start_storm_00000199,20122.93925172541,29.910824556633614,2.0,8.0,user_0171,A100,4.959100631305987,0.0,completed,cold_start_storm
cold_start_storm_00000200,20123.321086411415,6.526636383469135,7.0,8.0,user_0131,H100,9.173831295536257,0.0,completed,cold_start_storm
cold_start_storm_00000201,20124.18609643244,32.55789258259396,9.0,1.0,user_0075,V100,3.20781090042351,0.0,completed,cold_start_storm
cold_start_storm_00000202,20124.36516146643,14.181745689919426,2.0,2.0,user_0039,A100,17.51790129816643,0.0,failed,cold_start_storm
cold_start_storm_00000203,20124.5315459611,0.12371541915089267,3.0,8.0,user_0170,A100,6.777331253035576,0.0,completed,cold_start_storm
cold_start_storm_00000204,20124.657932473856,5.773815344941594,2.0,4.0,user_0157,H100,8.793600472430345,0.0,completed,cold_start_storm
cold_start_storm_00000205,20125.17988088481,3.475927370488277,4.0,4.0,user_0048,V100,29.828606273608287,0.0,completed,cold_start_storm
cold_start_storm_00000206,20125.504694189858,20.73986137654844,6.0,0.0,user_0117,,18.35430331991781,0.0,completed,cold_start_storm
cold_start_storm_00000207,20125.93773384609,16.586926242386248,4.0,0.0,user_0123,,6.1475930254087965,0.0,completed,cold_start_storm
cold_start_storm_00000208,20126.579148033532,5.492265461051005,8.0,2.0,user_0095,A100,5.176182881037408,0.0,completed,cold_start_storm
cold_start_storm_00000209,20127.15618675203,8.108532530429269,3.0,0.0,user_0185,,6.077983580874562,0.0,completed,cold_start_storm
cold_start_storm_00000210,20127.678835895353,3.74501018258561,3.0,1.0,user_0024,V100,10.033594865600516,0.0,completed,cold_start_storm
cold_start_storm_00000211,20128.37820971522,3.4014126520979326,5.0,1.0,user_0051,A100,6.936973050128623,0.0,completed,cold_start_storm
cold_start_storm_00000212,20128.395428126947,1.6336340101221944,6.0,0.0,user_0019,,5.8290469465732775,0.0,completed,cold_start_storm
cold_start_storm_00000213,20129.14789805389,11.221441070331727,6.0,0.0,user_0138,,17.81977419321149,0.0,completed,cold_start_storm
cold_start_storm_00000214,20129.7981036922,4.75390948633709,3.0,0.0,user_0128,,6.8996733157113495,0.0,completed,cold_start_storm
cold_start_storm_00000215,21446.142840273442,9.207962626429142,5.0,1.0,user_0197,T4,29.363530813243166,0.0,completed,cold_start_storm
cold_start_storm_00000216,21447.15568814651,12.832544989826475,5.0,0.0,user_0108,,7.802510479455108,0.0,completed,cold_start_storm
cold_start_storm_00000217,21447.318652178295,13.383943003804724,5.0,1.0,user_0030,T4,21.56757515351331,0.0,completed,cold_start_storm
cold_start_storm_00000218,21448.03529679732,3.604525756247604,12.0,0.0,user_0090,,9.155837496506226,0.0,completed,cold_start_storm
cold_start_storm_00000219,21449.51982574165,5.423206892433129,6.0,0.0,user_0017,,13.167824866961562,0.0,completed,cold_start_storm
cold_start_storm_00000220,21449.719238076996,0.2145697436430377,4.0,2.0,user_0134,T4,4.7837911946348655,0.0,completed,cold_start_storm
cold_start_storm_00000221,21451.87062415736,8.07317801231989,3.0,2.0,user_0134,A100,4.427098779414063,0.0,completed,cold_start_storm
cold_start_storm_00000222,21451.900822148724,20.849184090768677,7.0,1.0,user_0171,T4,9.735933964088142,0.0,completed,cold_start_storm
cold_start_storm_00000223,21451.919414636537,0.5564125597336248,6.0,1.0,user_0067,T4,13.371585165826868,0.0,killed,cold_start_storm
cold_start_storm_00000224,21452.848068998588,27.29216731859868,4.0,4.0,user_0062,T4,7.569703517300561,0.0,completed,cold_start_storm
cold_start_storm_00000225,21453.170763076265,34.10697372904575,5.0,8.0,user_0014,A100,3.4149539180517197,0.0,failed,cold_start_storm
cold_start_storm_00000226,21453.473786126935,12.557520826144822,5.0,2.0,user_0083,V100,3.2669112943378975,0.0,completed,cold_start_storm
cold_start_storm_00000227,21454.45337477268,27.35506773549614,5.0,1.0,user_0095,V100,3.138415826285119,0.0,completed,cold_start_storm
cold_start_storm_00000228,21455.69087462601,9.282821612523414,10.0,2.0,user_0150,A100,2.55851428407722,0.0,completed,cold_start_storm
cold_start_storm_00000229,21456.103013827273,4.941010081668458,3.0,8.0,user_0150,A100,7.890750223259957,0.0,completed,cold_start_storm
cold_start_storm_00000230,21457.15629152178,0.9505796773298429,8.0,8.0,user_0028,V100,14.512732288945688,0.0,killed,cold_start_storm
cold_start_storm_00000231,21457.6615264454,0.763450239417931,5.0,1.0,user_0057,T4,7.329816839856663,0.0,completed,cold_start_storm
cold_start_storm_00000232,21457.9122579269,23.601711311279818,9.0,2.0,user_0102,A100,1.903608214684615,0.0,completed,cold_start_storm
cold_start_storm_00000233,21458.03390418522,41.4774144558025,4.0,1.0,user_0067,H100,6.589936573432425,0.0,completed,cold_start_storm
cold_start_storm_00000234,21458.722286808217,11.872050385231342,7.0,0.0,user_0005,,6.701427758782447,0.0,completed,cold_start_storm
cold_start_storm_00000235,21459.792728630066,33.47239733075493,4.0,1.0,user_0169,H100,25.987073729263628,0.0,completed,cold_start_storm
cold_start_storm_00000236,21461.127672112496,15.383541118167866,10.0,2.0,user_0146,V100,3.0824269338775196,0.0,completed,cold_start_storm
cold_start_storm_00000237,21461.27867743619,23.382857496845276,3.0,1.0,user_0104,V100,5.845040000490527,0.0,completed,cold_start_storm
cold_start_storm_00000238,21461.791577278018,14.174077374213647,3.0,1.0,user_0063,T4,20.563375565801678,0.0,completed,cold_start_storm
cold_start_storm_00000239,21462.048228993383,13.539704575116065,1.0,1.0,user_0168,H100,9.679275029217427,0.0,completed,cold_start_storm
cold_start_storm_00000240,21462.904193203274,6.395708667777379,6.0,2.0,user_0007,V100,10.360368897973133,0.0,completed,cold_start_storm
cold_start_storm_00000241,21463.01455043524,14.119153998270848,4.0,4.0,user_0089,T4,7.914928519018675,0.0,completed,cold_start_storm
cold_start_storm_00000242,21463.04402367767,4.508596355307959,2.0,0.0,user_0160,,9.00667638784119,0.0,completed,cold_start_storm
cold_start_storm_00000243,21463.224480726316,0.8611379472347138,2.0,0.0,user_0190,,11.781914876154275,0.0,completed,cold_start_storm
cold_start_storm_00000244,21463.259810908457,11.512152400083552,5.0,0.0,user_0050,,4.546274965097019,0.0,completed,cold_start_storm
cold_start_storm_00000245,21463.495362758018,1.4785754376293008,5.0,1.0,user_0130,T4,12.513838942962538,0.0,completed,cold_start_storm
cold_start_storm_00000246,21463.739302762107,8.526252121337093,1.0,1.0,user_0037,V100,3.2420251792697115,0.0,completed,cold_start_storm
cold_start_storm_00000247,21463.795997358196,0.3309874597140625,2.0,0.0,user_0023,,8.998166044144945,0.0,completed,cold_start_storm
cold_start_storm_00000248,21465.339612496617,14.311951730319734,4.0,0.0,user_0070,,8.225545181927457,0.0,completed,cold_start_storm
cold_start_storm_00000249,21465.490702663166,5.676787326538084,6.0,0.0,user_0177,,5.105018865399541,0.0,completed,cold_start_storm
cold_start_storm_00000250,21466.0890865765,1.9895649198139786,13.0,0.0,user_0137,,7.289163803197182,0.0,completed,cold_start_storm
cold_start_storm_00000251,21466.189446862863,8.024383733100132,7.0,1.0,user_0097,V100,5.085919852395674,0.0,completed,cold_start_storm
cold_start_storm_00000252,21466.443830340955,7.553007155627824,4.0,1.0,user_0056,A100,3.884441455100824,0.0,completed,cold_start_storm
cold_start_storm_00000253,21466.4889521978,22.122970363846147,4.0,1.0,user_0028,A100,5.976476349218931,0.0,completed,cold_start_storm
cold_start_storm_00000254,21466.54787318328,37.829319654523424,2.0,2.0,user_0054,A100,3.8099147698755975,0.0,completed,cold_start_storm
cold_start_storm_00000255,21466.553448801187,17.79546502174217,5.0,0.0,user_0030,,8.968141629927212,0.0,completed,cold_start_storm
cold_start_storm_00000256,21467.361132332044,1.9122272490541594,5.0,4.0,user_0037,V100,3.705983603378176,0.0,completed,cold_start_storm
cold_start_storm_00000257,21467.53875970001,4.0192263529975465,4.0,1.0,user_0137,H100,11.326965538516388,0.0,completed,cold_start_storm
cold_start_storm_00000258,21467.885075959144,86.91453694555733,3.0,8.0,user_0026,T4,3.6368304951561488,0.0,completed,cold_start_storm
cold_start_storm_00000259,24074.81445165986,7.829236404920128,6.0,2.0,user_0009,A100,5.260484067995922,0.0,killed,cold_start_storm
cold_start_storm_00000260,24076.281025144428,7.6371954203079735,7.0,0.0,user_0108,,5.0796276165301855,0.0,completed,cold_start_storm
cold_start_storm_00000261,24076.554347324647,15.0175948266225,4.0,0.0,user_0057,,16.364069338632746,0.0,completed,cold_start_storm
cold_start_storm_00000262,24076.592034939342,24.358809738938675,3.0,2.0,user_0090,H100,9.008548567623974,0.0,completed,cold_start_storm
cold_start_storm_00000263,24076.646056904992,2.101432131348661,9.0,1.0,user_0027,A100,6.507528376580341,0.0,completed,cold_start_storm
cold_start_storm_00000264,24076.894223557472,13.528571398576634,2.0,8.0,user_0041,T4,9.966521881087576,0.0,completed,cold_start_storm
cold_start_storm_00000265,24076.957719128415,1.8670379694107404,2.0,0.0,user_0088,,2.086910184772047,0.0,completed,cold_start_storm
cold_start_storm_00000266,24077.120882400457,27.264687057346016,3.0,1.0,user_0138,T4,7.200279510818107,0.0,completed,cold_start_storm
cold_start_storm_00000267,24077.49254978654,1.178055969553036,6.0,8.0,user_0082,V100,24.49596736565515,0.0,completed,cold_start_storm
cold_start_storm_00000268,24077.513298339494,11.510423261398591,5.0,8.0,user_0108,H100,7.999730901820107,0.0,completed,cold_start_storm
cold_start_storm_00000269,24077.692745716755,31.195483762730085,7.0,0.0,user_0104,,7.696363168480112,0.0,failed,cold_start_storm
cold_start_storm_00000270,24078.477689795876,8.741467794442457,3.0,0.0,user_0053,,10.266406168436916,0.0,completed,cold_start_storm
cold_start_storm_00000271,24302.06805406101,18.642998953514077,2.0,1.0,user_0055,T4,12.646280571722164,0.0,completed,cold_start_storm
cold_start_storm_00000272,24303.407108450265,13.304172008999316,5.0,0.0,user_0085,,2.2289262878820253,0.0,completed,cold_start_storm
cold_start_storm_00000273,24303.534206391858,30.001874938761194,3.0,1.0,user_0006,H100,2.6928607676787073,0.0,completed,cold_start_storm
cold_start_storm_00000274,24303.656747444853,24.41693680996428,3.0,0.0,user_0137,,8.38273953581966,0.0,completed,cold_start_storm
cold_start_storm_00000275,24304.201800957915,18.959747091620276,8.0,4.0,user_0122,A100,4.8118136095824475,0.0,completed,cold_start_storm
cold_start_storm_00000276,24305.33148440868,38.86289275788725,8.0,0.0,user_0061,,16.23574279709387,0.0,completed,cold_start_storm
cold_start_storm_00000277,24306.925352873364,6.492371095714994,4.0,2.0,user_0074,V100,6.115920969571152,0.0,completed,cold_start_storm
cold_start_storm_00000278,24307.616215969505,11.835003707174973,5.0,1.0,user_0065,V100,2.3147034004454556,0.0,completed,cold_start_storm
cold_start_storm_00000279,24308.480021784428,8.957482257062301,4.0,0.0,user_0130,,3.4528212479471874,0.0,killed,cold_start_storm
cold_start_storm_00000280,24309.02844491327,40.113710667198816,3.0,1.0,user_0151,H100,1.4193434254231707,0.0,completed,cold_start_storm
cold_start_storm_00000281,24887.221011755006,25.509097837462235,3.0,0.0,user_0021,,6.420684151191121,0.0,completed,cold_start_storm
cold_start_storm_00000282,24887.30445190201,5.622839554863053,3.0,1.0,user_0082,T4,6.599339205501041,0.0,completed,cold_start_storm
cold_start_storm_00000283,24887.799033252995,7.0340908371038005,5.0,4.0,user_0002,T4,5.727747655497201,0.0,completed,cold_start_storm
cold_start_storm_00000284,24888.1826621912,47.30846283610005,2.0,0.0,user_0090,,14.116261396929849,0.0,completed,cold_start_storm
cold_start_storm_00000285,24888.36144437685,4.136321887805945,3.0,0.0,user_0049,,15.16684661448936,0.0,completed,cold_start_storm
cold_start_storm_00000286,24888.716516508983,7.64310412984362,5.0,1.0,user_0067,A100,6.6709811361661595,0.0,completed,cold_start_storm
cold_start_storm_00000287,24889.167643627567,6.846471437051341,2.0,8.0,user_0091,T4,2.052757065387011,0.0,completed,cold_start_storm
cold_start_storm_00000288,24889.28350205581,0.4046583796406324,13.0,2.0,user_0064,H100,10.701339796928304,0.0,failed,cold_start_storm
cold_start_storm_00000289,24889.49254346392,13.387561920877127,3.0,8.0,user_0078,V100,10.31105001434175,0.0,completed,cold_start_storm
cold_start_storm_00000290,24889.703907546078,8.076683186454316,3.0,1.0,user_0152,V100,8.896295392900699,0.0,completed,cold_start_storm
cold_start_storm_00000291,24889.76011987416,1.9793330474486077,4.0,0.0,user_0162,,13.31495513277273,0.0,completed,cold_start_storm
cold_start_storm_00000292,24889.904942656496,0.26295127554180925,4.0,2.0,user_0001,H100,3.673346656782571,0.0,completed,cold_start_storm
cold_start_storm_00000293,24890.417973493204,8.27047290085159,6.0,0.0,user_0075,,24.661744361512746,0.0,completed,cold_start_storm
cold_start_storm_00000294,24891.015521165747,25.771021707299397,4.0,1.0,user_0169,H100,4.15512847378621,0.0,killed,cold_start_storm
cold_start_storm_00000295,24891.302485724602,12.03507087218746,8.0,8.0,user_0106,V100,11.582944985169878,0.0,completed,cold_start_storm
cold_start_storm_00000296,24891.602455533433,4.078340924684885,5.0,2.0,user_0041,V100,2.6847601204413998,0.0,completed,cold_start_storm
cold_start_storm_00000297,24891.801385123304,5.416409555085187,2.0,0.0,user_0118,,4.228474068371237,0.0,completed,cold_start_storm
cold_start_storm_00000298,24892.384694677738,9.967985886127405,6.0,0.0,user_0028,,18.35351644524881,0.0,completed,cold_start_storm
cold_start_storm_00000299,24892.58781598378,1.4342409931598339,1.0,1.0,user_0004,T4,6.318362687741942,0.0,completed,cold_start_storm
