job_id,submit_time,duration,num_cpu,num_gpu,user,gpu_type,mem,wait_time,status,source,gpu_milli
gpu_fragmentation_sharing_00000000,1.6028057359773298,225.68753902719675,3.0,1.0,user_0085,A100,23.57710445956255,0.0,completed,gpu_fragmentation_sharing,500.0
gpu_fragmentation_sharing_00000001,3.160265506526965,1471.6001671564704,2.0,1.0,user_0043,V100,23.957723601997873,0.0,failed,gpu_fragmentation_sharing,250.0
gpu_fragmentation_sharing_00000002,4.750106173109802,5.220259314649679,3.0,1.0,user_0028,H100,3.536721158450429,0.0,completed,gpu_fragmentation_sharing,1000.0
gpu_fragmentation_sharing_00000003,4.936635699677524,129.8921927036559,6.0,1.0,user_0019,T4,4.237951998393641,0.0,completed,gpu_fragmentation_sharing,1000.0
gpu_fragmentation_sharing_00000004,4.994260632809775,233.49393999558063,4.0,1.0,user_0117,H100,18.010434277708367,0.0,killed,gpu_fragmentation_sharing,750.0
gpu_fragmentation_sharing_00000005,5.962700976613876,276.6728955792917,5.0,0.0,user_0000,,3.9158458881835343,0.0,completed,gpu_fragmentation_sharing,0.0
gpu_fragmentation_sharing_00000006,6.902674772785591,107.27025064449896,4.0,0.0,user_0129,,3.3416854986837987,0.0,completed,gpu_fragmentation_sharing,0.0
gpu_fragmentation_sharing_00000007,8.985538743818589,15.39878671747639,2.0,0.0,user_0086,,5.519479274892108,0.0,completed,gpu_fragmentation_sharing,0.0
gpu_fragmentation_sharing_00000008,9.038401541940928,289.5395687477972,6.0,0.0,user_0073,,9.50802354361328,0.0,completed,gpu_fragmentation_sharing,0.0
gpu_fragmentation_sharing_00000009,9.736108772969704,2117.727332966001,4.0,1.0,user_0153,A100,6.948751311561399,0.0,completed,gpu_fragmentation_sharing,500.0
gpu_fragmentation_sharing_00000010,9.78306631083491,20.95085423586843,7.0,1.0,user_0107,V100,5.001119701967258,0.0,completed,gpu_fragmentation_sharing,250.0
gpu_fragmentation_sharing_00000011,10.509082062850883,620.0816955926906,4.0,0.0,user_0146,,4.930658371066513,0.0,completed,gpu_fragmentation_sharing,0.0
gpu_fragmentation_sharing_00000012,11.663300298106755,114.06924055447166,6.0,2.0,user_0141,A100,4.819150951246412,0.0,completed,gpu_fragmentation_sharing,1000.0
gpu_fragmentation_sharing_00000013,11.921230181166695,166.6007383487465,2.0,1.0,user_0006,H100,4.359224710273191,0.0,completed,gpu_fragmentation_sharing,750.0
gpu_fragmentation_sharing_00000014,12.742287289607743,41.02559010342373,5.0,0.0,user_0043,,29.048874132934888,0.0,completed,gpu_fragmentation_sharing,0.0
gpu_fragmentation_sharing_00000015,12.84480279215856,113.11492318997612,5.0,8.0,user_0113,V100,8.83310542202777,0.0,completed,gpu_fragmentation_sharing,1000.0
gpu_fragmentation_sharing_00000016,12.905854303752022,1153.11688013456,6.0,2.0,user_0195,A100,12.579335559189083,0.0,completed,gpu_fragmentation_sharing,1000.0
gpu_fragmentation_sharing_00000017,13.115973771840284,415.7731410410871,16.0,1.0,user_0030,V100,5.509938817100353,0.0,completed,gpu_fragmentation_sharing,1000.0
gpu_fragmentation_sharing_00000018,13.716773288753723,2132.728444035479,8.0,0.0,user_0021,,6.608957948388946,0.0,failed,gpu_fragmentation_sharing,0.0
gpu_fragmentation_sharing_00000019,13.992096841912716,968.5465977342894,7.0,0.0,user_0188,,4.81563353161654,0.0,completed,gpu_fragmentation_sharing,0.0
gpu_fragmentation_sharing_00000020,14.823687475121798,339.039868727894,4.0,0.0,user_0193,,1.5052740867306538,0.0,completed,gpu_fragmentation_sharing,0.0
gpu_fragmentation_sharing_00000021,14.972738389930011,2168.288632129141,4.0,0.0,user_0033,,3.232301537792717,0.0,completed,gpu_fragmentation_sharing,0.0
gpu_fragmentation_sharing_00000022,16.198051899359655,338.99482013976177,6.0,0.0,user_0080,,2.4933539998947434,0.0,completed,gpu_fragmentation_sharing,0.0
gpu_fragmentation_sharing_00000023,17.016109141502493,589.2750598192963,10.0,1.0,user_0125,V100,1.9157893544316476,0.0,completed,gpu_fragmentation_sharing,750.0
gpu_fragmentation_sharing_00000024,17.45330657747783,119.35175483944424,4.0,0.0,user_0039,,3.606668941287142,0.0,completed,gpu_fragmentation_sharing,0.0
gpu_fragmentation_sharing_00000025,17.731364381685708,199.74582462149706,6.0,0.0,user_0065,,16.36219363784792,0.0,completed,gpu_fragmentation_sharing,0.0
gpu_fragmentation_sharing_00000026,18.03357750788455,67.69380333858412,9.0,2.0,user_0079,H100,7.194654353581474,0.0,completed,gpu_fragmentation_sharing,1000.0
gpu_fragmentation_sharing_00000027,18.08496227258832,741.4972256798615,6.0,0.0,user_0128,,16.028017063719314,0.0,completed,gpu_fragmentation_sharing,0.0
gpu_fragmentation_sharing_00000028,18.20471710883802,34.40559597551306,4.0,1.0,user_0061,H100,9.455433465240455,0.0,completed,gpu_fragmentation_sharing,750.0
gpu_fragmentation_sharing_00000029,18.66159740990752,552.2534888551796,3.0,1.0,user_0082,H100,11.816954182888109,0.0,completed,gpu_fragmentation_sharing,750.0
gpu_fragmentation_sharing_00000030,18.920717567347403,138.68336001709514,7.0,0.0,user_0057,,4.303642696570128,0.0,completed,gpu_fragmentation_sharing,0.0
gpu_fragmentation_sharing_00000031,19.763522139057475,960.0913871668555,2.0,1.0,user_0151,V100,10.118552019200811,0.0,completed,gpu_fragmentation_sharing,750.0
gpu_fragmentation_sharing_00000032,20.23584922400156,528.0815018609468,13.0,1.0,user_0030,A100,11.44128769586603,0.0,completed,gpu_fragmentation_sharing,500.0
gpu_fragmentation_sharing_00000033,20.39446919353357,2418.3330826429988,6.0,0.0,user_0046,,5.227910230248469,0.0,completed,gpu_fragmentation_sharing,0.0
gpu_fragmentation_sharing_00000034,20.701861417705217,513.2093881240428,9.0,1.0,user_0049,V100,10.336943464862113,0.0,completed,gpu_fragmentation_sharing,750.0
gpu_fragmentation_sharing_00000035,21.12956590916556,19.8705435705849,1.0,2.0,user_0181,V100,10.37825399634904,0.0,completed,gpu_fragmentation_sharing,1000.0
gpu_fragmentation_sharing_00000036,21.358788150124088,165.2757348510658,3.0,1.0,user_0188,V100,5.313593919553257,0.0,completed,gpu_fragmentation_sharing,500.0
gpu_fragmentation_sharing_00000037,21.573395630728296,34.7105651272334,5.0,1.0,user_0100,T4,3.7672260717143202,0.0,completed,gpu_fragmentation_sharing,500.0
gpu_fragmentation_sharing_00000038,22.159338752189992,87.19882369279846,4.0,0.0,user_0031,,3.6310541329086274,0.0,completed,gpu_fragmentation_sharing,0.0
gpu_fragmentation_sharing_00000039,22.357303558142526,1557.1826401447884,8.0,1.0,user_0151,H100,7.782700026978836,0.0,completed,gpu_fragmentation_sharing,750.0
gpu_fragmentation_sharing_00000040,23.24643850816378,449.5022789736009,9.0,1.0,user_0098,A100,8.990836763321985,0.0,completed,gpu_fragmentation_sharing,500.0
gpu_fragmentation_sharing_00000041,24.17368116566105,67.54994173128561,5.0,1.0,user_0169,A100,4.592775391172802,0.0,completed,gpu_fragmentation_sharing,1000.0
gpu_fragmentation_sharing_00000042,24.896403117637846,43.34810726726509,1.0,0.0,user_0071,,7.507865503428733,0.0,completed,gpu_fragmentation_sharing,0.0
gpu_fragmentation_sharing_00000043,24.945088682958136,190.3998806779624,11.0,0.0,user_0199,,10.405372108572724,0.0,completed,gpu_fragmentation_sharing,0.0
gpu_fragmentation_sharing_00000044,25.70113368410664,32.610235126372515,6.0,0.0,user_0161,,10.707178761528233,0.0,completed,gpu_fragmentation_sharing,0.0
gpu_fragmentation_sharing_00000045,26.604025676016754,70.25381614640607,4.0,1.0,user_0044,H100,18.74876853401212,0.0,completed,gpu_fragmentation_sharing,500.0
gpu_fragmentation_sharing_00000046,27.352052110321704,283.03891568349337,5.0,1.0,user_0145,H100,15.897923438085709,0.0,completed,gpu_fragmentation_sharing,750.0
gpu_fragmentation_sharing_00000047,27.538751523812653,938.5765458784418,3.0,0.0,user_0057,,4.052058973073592,0.0,completed,gpu_fragmentation_sharing,0.0
gpu_fragmentation_sharing_00000048,27.752708984503343,431.490161141461,2.0,1.0,user_0069,V100,20.290478279185425,0.0,completed,gpu_fragmentation_sharing,1000.0
gpu_fragmentation_sharing_00000049,27.863199589371074,7.474274696373102,7.0,0.0,user_0050,,5.373148756357541,0.0,completed,gpu_fragmentation_sharing,0.0
gpu_fragmentation_sharing_00000050,28.099441931165384,279.9828882126935,2.0,1.0,user_0136,T4,13.831155431301264,0.0,completed,gpu_fragmentation_sharing,250.0
gpu_fragmentation_sharing_00000051,28.113535102105242,201.30773569953195,4.0,1.0,user_0052,H100,7.696702386458942,0.0,completed,gpu_fragmentation_sharing,500.0
gpu_fragmentation_sharing_00000052,28.22510603284905,327.1170120728559,4.0,2.0,user_0127,V100,5.770220951411885,0.0,failed,gpu_fragmentation_sharing,1000.0
gpu_fragmentation_sharing_00000053,29.10181059588049,1808.0089119175893,2.0,1.0,user_0116,T4,2.4977289128447535,0.0,completed,gpu_fragmentation_sharing,750.0
gpu_fragmentation_sharing_00000054,31.765648110003717,10.139702106768622,7.0,0.0,user_0150,,6.666275404710626,0.0,completed,gpu_fragmentation_sharing,0.0
gpu_fragmentation_sharing_00000055,32.14134017159614,78.66606300892514,6.0,1.0,user_0198,A100,2.8990122015604376,0.0,completed,gpu_fragmentation_sharing,750.0
gpu_fragmentation_sharing_00000056,32.33069997266336,420.6776657389793,5.0,1.0,user_0001,A100,13.20214797200164,0.0,completed,gpu_fragmentation_sharing,500.0
gpu_fragmentation_sharing_00000057,32.59587080860152,19.609256821362937,3.0,1.0,user_0198,A100,18.358186288505088,0.0,completed,gpu_fragmentation_sharing,500.0
gpu_fragmentation_sharing_00000058,32.83676562389146,1480.960400352589,6.0,0.0,user_0021,,4.580707244595998,0.0,completed,gpu_fragmentation_sharing,0.0
gpu_fragmentation_sharing_00000059,32.92318802604053,306.6256514014729,9.0,1.0,user_0105,V100,8.856772720641377,0.0,failed,gpu_fragmentation_sharing,750.0
gpu_fragmentation_sharing_00000060,33.645404782621604,605.0631753263815,4.0,1.0,user_0068,H100,4.781551554352377,0.0,killed,gpu_fragmentation_sharing,1000.0
gpu_fragmentation_sharing_00000061,34.562637351633235,80.9403732553615,1.0,0.0,user_0127,,5.067811977946263,0.0,completed,gpu_fragmentation_sharing,0.0
gpu_fragmentation_sharing_00000062,35.56784343872844,577.4771612436299,4.0,0.0,user_0144,,11.759916267319301,0.0,completed,gpu_fragmentation_sharing,0.0
gpu_fragmentation_sharing_00000063,39.10776530256829,829.529292254354,3.0,1.0,user_0171,A100,7.220159491483726,0.0,completed,gpu_fragmentation_sharing,1000.0
gpu_fragmentation_sharing_00000064,40.51220545908613,252.95090372113143,4.0,1.0,user_0080,H100,20.984599785724892,0.0,completed,gpu_fragmentation_sharing,250.0
gpu_fragmentation_sharing_00000065,41.60878268608319,253.49854538545526,6.0,0.0,user_0186,,5.532614633675722,0.0,completed,gpu_fragmentation_sharing,0.0
gpu_fragmentation_sharing_00000066,42.30444367406759,266.774441766753,3.0,1.0,user_0064,H100,13.458377834866255,0.0,killed,gpu_fragmentation_sharing,500.0
gpu_fragmentation_sharing_00000067,42.69945980670812,53.566806391027114,8.0,1.0,user_0040,A100,7.833802683853046,0.0,completed,gpu_fragmentation_sharing,1000.0
gpu_fragmentation_sharing_00000068,42.72909551088935,147.4272806964678,5.0,0.0,user_0075,,11.911053158289581,0.0,completed,gpu_fragmentation_sharing,0.0
gpu_fragmentation_sharing_00000069,43.36683070210282,146.38699124368924,3.0,0.0,user_0105,,5.650281718530053,0.0,completed,gpu_fragmentation_sharing,0.0
gpu_fragmentation_sharing_00000070,43.78108609376478,313.24652192332616,3.0,1.0,user_0133,A100,7.172574799492451,0.0,completed,gpu_fragmentation_sharing,750.0
gpu_fragmentation_sharing_00000071,44.78639367717117,752.3742003569339,3.0,1.0,user_0166,V100,6.894339222968758,0.0,completed,gpu_fragmentation_sharing,1000.0
gpu_fragmentation_sharing_00000072,46.13839473127533,40.701944887622346,4.0,1.0,user_0044,H100,4.474370766904163,0.0,killed,gpu_fragmentation_sharing,500.0
gpu_fragmentation_sharing_00000073,46.35977394107351,152.21137634121544,2.0,1.0,user_0060,V100,10.992892424702864,0.0,completed,gpu_fragmentation_sharing,750.0
gpu_fragmentation_sharing_00000074,46.39294108854266,1492.606797447456,6.0,0.0,user_0187,,10.915124577372811,0.0,completed,gpu_fragmentation_sharing,0.0
gpu_fragmentation_sharing_00000075,47.00948924529118,63.42279100154938,5.0,1.0,user_0087,V100,10.550073396829655,0.0,completed,gpu_fragmentation_sharing,750.0
gpu_fragmentation_sharing_00000076,48.71176884515388,56.76142848691078,4.0,1.0,user_0048,V100,18.581740265062173,0.0,failed,gpu_fragmentation_sharing,1000.0
gpu_fragmentation_sharing_00000077,49.25914990955951,242.20431061161756,7.0,1.0,user_0197,H100,17.63008611098351,0.0,completed,gpu_fragmentation_sharing,250.0
gpu_fragmentation_sharing_00000078,50.67977850012243,603.1745125123222,4.0,1.0,user_0089,H100,5.900476946831968,0.0,completed,gpu_fragmentation_sharing,500.0
gpu_fragmentation_sharing_00000079,51.18178833034899,184.7161209275691,2.0,1.0,user_0197,V100,9.242675417215073,0.0,completed,gpu_fragmentation_sharing,1000.0
gpu_fragmentation_sharing_00000080,52.05778436211159,1201.534547894349,9.0,1.0,user_0183,H100,5.0826845993696255,0.0,completed,gpu_fragmentation_sharing,750.0
gpu_fragmentation_sharing_00000081,52.250306358567464,613.9109355755907,5.0,1.0,user_0181,A100,7.49332923681419,0.0,failed,gpu_fragmentation_sharing,500.0
gpu_fragmentation_sharing_00000082,52.33991785912659,600.9786463664918,3.0,1.0,user_0116,A100,5.1559445498473435,0.0,completed,gpu_fragmentation_sharing,250.0
gpu_fragmentation_sharing_00000083,52.43490508095345,399.2466863950598,8.0,1.0,user_0159,T4,19.531766384657363,0.0,killed,gpu_fragmentation_sharing,500.0
gpu_fragmentation_sharing_00000084,52.513359959670176,4975.213892640165,2.0,0.0,user_0192,,9.190946194479235,0.0,completed,gpu_fragmentation_sharing,0.0
gpu_fragmentation_sharing_00000085,52.54980870561253,135.85965041828445,5.0,1.0,user_0053,A100,6.48299453447342,0.0,completed,gpu_fragmentation_sharing,500.0
gpu_fragmentation_sharing_00000086,53.69420416660885,10.992754004212236,5.0,0.0,user_0007,,15.122310094574893,0.0,completed,gpu_fragmentation_sharing,0.0
gpu_fragmentation_sharing_00000087,53.993280832453465,1777.5180153857905,8.0,0.0,user_0064,,2.008987279634792,0.0,completed,gpu_fragmentation_sharing,0.0
gpu_fragmentation_sharing_00000088,54.25070167423019,95.00275631713747,4.0,1.0,user_0127,H100,2.206788835087076,0.0,completed,gpu_fragmentation_sharing,250.0
gpu_fragmentation_sharing_00000089,54.87400789729109,211.81601466229222,4.0,1.0,user_0109,A100,11.911486577064785,0.0,completed,gpu_fragmentation_sharing,250.0
gpu_fragmentation_sharing_00000090,54.998852867603205,1168.8148103776869,5.0,1.0,user_0016,V100,7.662061469346195,0.0,completed,gpu_fragmentation_sharing,750.0
gpu_fragmentation_sharing_00000091,56.2777144955043,19.0561129057022,6.0,0.0,user_0112,,8.587157559723959,0.0,completed,gpu_fragmentation_sharing,0.0
gpu_fragmentation_sharing_00000092,57.13901852179793,31.04737327746689,5.0,2.0,user_0034,V100,3.333965172151927,0.0,killed,gpu_fragmentation_sharing,1000.0
gpu_fragmentation_sharing_00000093,57.35851331913173,19.08202114845452,3.0,1.0,user_0101,A100,7.286765615969039,0.0,completed,gpu_fragmentation_sharing,250.0
gpu_fragmentation_sharing_00000094,57.492241195380025,59.05704791949591,4.0,1.0,user_0115,A100,24.584241450793584,0.0,completed,gpu_fragmentation_sharing,500.0
gpu_fragmentation_sharing_00000095,57.84625426822572,339.3048894020633,1.0,0.0,user_0127,,12.115913718788194,0.0,completed,gpu_fragmentation_sharing,0.0
gpu_fragmentation_sharing_00000096,58.0494748480969,382.62144675191496,2.0,2.0,user_0082,V100,8.181078002559165,0.0,completed,gpu_fragmentation_sharing,1000.0
gpu_fragmentation_sharing_00000097,58.099967314025136,269.0311442869498,3.0,1.0,user_0081,H100,5.677821690242017,0.0,completed,gpu_fragmentation_sharing,750.0
gpu_fragmentation_sharing_00000098,58.435673846326544,24.7928388586579,2.0,1.0,user_0135,T4,5.831395218971343,0.0,completed,gpu_fragmentation_sharing,500.0
gpu_fragmentation_sharing_00000099,59.93692622279396,7.290604748458471,6.0,1.0,user_0149,T4,2.0595371363861616,0.0,completed,gpu_fragmentation_sharing,500.0
gpu_fragmentation_sharing_00000100,60.60949284770085,196.31904986846368,4.0,1.0,user_0161,H100,8.624303901195802,0.0,completed,gpu_fragmentation_sharing,750.0
gpu_fragmentation_sharing_00000101,62.66443366477562,93.12896067715394,5.0,0.0,user_0066,,12.271627187999767,0.0,completed,gpu_fragmentation_sharing,0.0
gpu_fragmentation_sharing_00000102,64.02872188153104,348.9611809109322,6.0,1.0,user_0084,V100,2.8709081368157405,0.0,completed,gpu_fragmentation_sharing,1000.0
gpu_fragmentation_sharing_00000103,64.77398328075877,492.607357168827,4.0,0.0,user_0066,,4.96865840290896,0.0,completed,gpu_fragmentation_sharing,0.0
gpu_fragmentation_sharing_00000104,66.007716877492,221.14516382267726,4.0,1.0,user_0105,A100,3.689611694454206,0.0,completed,gpu_fragmentation_sharing,1000.0
gpu_fragmentation_sharing_00000105,66.49233733320327,535.0825558868868,2.0,1.0,user_0025,T4,4.140387088544122,0.0,completed,gpu_fragmentation_sharing,500.0
gpu_fragmentation_sharing_00000106,67.20423683720391,251.63719621214506,3.0,1.0,user_0086,H100,7.6300086279842665,0.0,completed,gpu_fragmentation_sharing,500.0
gpu_fragmentation_sharing_00000107,67.45771609464055,385.83039217413636,3.0,2.0,user_0037,A100,2.1156428345578444,0.0,completed,gpu_fragmentation_sharing,1000.0
gpu_fragmentation_sharing_00000108,67.60375218247087,67.00439411772547,6.0,1.0,user_0106,V100,10.682023298499926,0.0,completed,gpu_fragmentation_sharing,250.0
gpu_fragmentation_sharing_00000109,69.0336971050863,140.87102544052658,2.0,1.0,user_0170,A100,11.615182075122052,0.0,completed,gpu_fragmentation_sharing,750.0
gpu_fragmentation_sharing_00000110,69.12723241306648,240.30981809088578,7.0,1.0,user_0197,A100,6.355613557435764,0.0,failed,gpu_fragmentation_sharing,500.0
gpu_fragmentation_sharing_00000111,69.25249840974014,583.0581505859727,6.0,0.0,user_0089,,1.6679159183605894,0.0,completed,gpu_fragmentation_sharing,0.0
gpu_fragmentation_sharing_00000112,69.4593262347906,104.00555311020261,3.0,1.0,user_0011,V100,4.063923248518137,0.0,completed,gpu_fragmentation_sharing,750.0
gpu_fragmentation_sharing_00000113,70.1043258215731,380.982526664312,2.0,1.0,user_0045,H100,15.482976971019697,0.0,completed,gpu_fragmentation_sharing,750.0
gpu_fragmentation_sharing_00000114,70.38021853892008,124.66393786094702,3.0,1.0,user_0020,H100,1.3954311443357714,0.0,completed,gpu_fragmentation_sharing,750.0
gpu_fragmentation_sharing_00000115,70.83654049579671,153.83179073660014,6.0,0.0,user_0151,,5.99835912514844,0.0,completed,gpu_fragmentation_sharing,0.0
gpu_fragmentation_sharing_00000116,72.2763930964132,590.5590635753795,4.0,1.0,user_0196,V100,3.6400576990837235,0.0,completed,gpu_fragmentation_sharing,750.0
gpu_fragmentation_sharing_00000117,73.30420658710271,11.14981036922228,6.0,1.0,user_0110,V100,11.974054463237119,0.0,completed,gpu_fragmentation_sharing,1000.0
gpu_fragmentation_sharing_00000118,74.08503791402784,29.160991723738594,5.0,1.0,user_0035,V100,4.9279921274410565,0.0,completed,gpu_fragmentation_sharing,1000.0
gpu_fragmentation_sharing_00000119,74.19900453433358,22.509780428271046,4.0,1.0,user_0004,A100,9.415642598806686,0.0,failed,gpu_fragmentation_sharing,1000.0
gpu_fragmentation_sharing_00000120,74.99195182546222,7.067869670727508,3.0,0.0,user_0195,,10.373725876608288,0.0,completed,gpu_fragmentation_sharing,0.0
gpu_fragmentation_sharing_00000121,75.29493737986215,69.5504376855439,6.0,1.0,user_0063,V100,22.236509360255468,0.0,completed,gpu_fragmentation_sharing,250.0
gpu_fragmentation_sharing_00000122,75.377446444458,527.005210317284,8.0,1.0,user_0022,A100,6.541947040621669,0.0,completed,gpu_fragmentation_sharing,750.0
gpu_fragmentation_sharing_00000123,75.643730256496,121.34455579691254,7.0,0.0,user_0035,,9.25928305480511,0.0,killed,gpu_fragmentation_sharing,0.0
gpu_fragmentation_sharing_00000124,75.69076854729022,240.65607250670112,3.0,1.0,user_0051,V100,3.031224649216275,0.0,completed,gpu_fragmentation_sharing,500.0
gpu_fragmentation_sharing_00000125,76.30082531403752,854.3686870218262,3.0,0.0,user_0131,,15.09325775742059,0.0,completed,gpu_fragmentation_sharing,0.0
gpu_fragmentation_sharing_00000126,76.94860992836166,1199.358330273105,5.0,1.0,user_0178,A100,4.681856368221353,0.0,completed,gpu_fragmentation_sharing,750.0
gpu_fragmentation_sharing_00000127,77.14481000123166,164.76430305100126,6.0,2.0,user_0055,T4,5.278001390574894,0.0,completed,gpu_fragmentation_sharing,1000.0
gpu_fragmentation_sharing_00000128,77.17537094591573,1244.368069739668,5.0,1.0,user_0137,H100,7.2910773744432795,0.0,completed,gpu_fragmentation_sharing,250.0
gpu_fragmentation_sharing_00000129,78.99491124390943,207.13180510304537,1.0,0.0,user_0012,,2.8929287370361743,0.0,completed,gpu_fragmentation_sharing,0.0
gpu_fragmentation_sharing_00000130,79.53344401693195,55.56205729253752,1.0,0.0,user_0002,,8.476198145355314,0.0,completed,gpu_fragmentation_sharing,0.0
gpu_fragmentation_sharing_00000131,80.52549254345904,78.30029082230726,4.0,1.0,user_0010,H100,13.203471187274253,0.0,failed,gpu_fragmentation_sharing,750.0
gpu_fragmentation_sharing_00000132,80.76068913419962,22.561434823982022,3.0,1.0,user_0184,H100,8.808879916272534,0.0,completed,gpu_fragmentation_sharing,250.0
gpu_fragmentation_sharing_00000133,81.87828970973165,51.728231410084966,6.0,1.0,user_0116,A100,2.848126647517622,0.0,completed,gpu_fragmentation_sharing,750.0
gpu_fragmentation_sharing_00000134,82.97247064947571,109.40248519534633,4.0,1.0,user_0161,A100,6.860047894385047,0.0,completed,gpu_fragmentation_sharing,250.0
gpu_fragmentation_sharing_00000135,83.03455876904985,569.1802853995669,6.0,4.0,user_0004,H100,11.53305594145839,0.0,completed,gpu_fragmentation_sharing,1000.0
gpu_fragmentation_sharing_00000136,86.65561855039523,2097.9937818558583,6.0,1.0,user_0004,V100,2.394577342688981,0.0,completed,gpu_fragmentation_sharing,250.0
gpu_fragmentation_sharing_00000137,87.104682669139,25.87251923207869,10.0,1.0,user_0169,T4,3.8773052599376476,0.0,completed,gpu_fragmentation_sharing,750.0
gpu_fragmentation_sharing_00000138,88.03652161798577,317.4730237402086,3.0,0.0,user_0020,,12.502469220608114,0.0,completed,gpu_fragmentation_sharing,0.0
gpu_fragmentation_sharing_00000139,88.1989875857599,41.74399465535958,3.0,1.0,user_0031,A100,8.688994809725614,0.0,completed,gpu_fragmentation_sharing,750.0
gpu_fragmentation_sharing_00000140,88.85486848335535,356.6366090506844,4.0,2.0,user_0103,H100,9.46104601419388,0.0,completed,gpu_fragmentation_sharing,1000.0
gpu_fragmentation_sharing_00000141,89.04569714245311,150.90509909055555,7.0,1.0,user_0121,H100,22.549139026437192,0.0,completed,gpu_fragmentation_sharing,1000.0
gpu_fragmentation_sharing_00000142,90.12166043408158,13.908311327400751,1.0,0.0,user_0045,,9.78775061984695,0.0,completed,gpu_fragmentation_sharing,0.0
gpu_fragmentation_sharing_00000143,90.43037746880312,679.6110293410479,2.0,1.0,user_0088,V100,10.96526781670758,0.0,completed,gpu_fragmentation_sharing,750.0
gpu_fragmentation_sharing_00000144,90.94977559387819,77.13581290200926,5.0,1.0,user_0134,H100,37.57907262519329,0.0,completed,gpu_fragmentation_sharing,250.0
gpu_fragmentation_sharing_00000145,91.30182264282202,85.2933597761636,8.0,1.0,user_0088,T4,6.4994480970185995,0.0,completed,gpu_fragmentation_sharing,1000.0
gpu_fragmentation_sharing_00000146,91.8041626769491,40.065701527281355,3.0,1.0,user_0076,T4,4.578037174877596,0.0,completed,gpu_fragmentation_sharing,1000.0
gpu_fragmentation_sharing_00000147,92.11902996895238,71.9468069137955,1.0,1.0,user_0014,H100,9.55130542576504,0.0,completed,gpu_fragmentation_sharing,1000.0
gpu_fragmentation_sharing_00000148,92.52769259300031,333.6890328029649,3.0,1.0,user_0090,T4,9.615675367785952,0.0,killed,gpu_fragmentation_sharing,500.0
gpu_fragmentation_sharing_00000149,92.54684026731138,138.96021436801743,5.0,1.0,user_0160,V100,5.386903687409185,0.0,failed,gpu_fragmentation_sharing,250.0
gpu_fragmentation_sharing_00000150,93.6051795876447,289.81383072836144,2.0,1.0,user_0125,A100,3.9771353079609097,0.0,completed,gpu_fragmentation_sharing,750.0
gpu_fragmentation_sharing_00000151,95.27827851320352,303.83544075630454,2.0,1.0,user_0178,A100,29.54476743615992,0.0,completed,gpu_fragmentation_sharing,1000.0
gpu_fragmentation_sharing_00000152,95.66558486835758,1187.434165107679,4.0,1.0,user_0025,T4,8.989939171611862,0.0,completed,gpu_fragmentation_sharing,250.0
gpu_fragmentation_sharing_00000153,97.9349777328199,111.78811868506963,8.0,1.0,user_0002,T4,4.761814395591192,0.0,completed,gpu_fragmentation_sharing,750.0
gpu_fragmentation_sharing_00000154,98.04703539690507,22.67711461806083,5.0,0.0,user_0109,,12.801446615399787,0.0,completed,gpu_fragmentation_sharing,0.0
gpu_fragmentation_sharing_00000155,99.90346713619616,828.0569583862025,8.0,2.0,user_0035,V100,6.920672237530517,0.0,completed,gpu_fragmentation_sharing,1000.0
gpu_fragmentation_sharing_00000156,100.14637009241204,113.59148144520135,2.0,0.0,user_0118,,6.348833734698341,0.0,completed,gpu_fragmentation_sharing,0.0
gpu_fragmentation_sharing_00000157,100.59214226584017,885.7645791760207,5.0,1.0,user_0180,H100,10.353904791980419,0.0,completed,gpu_fragmentation_sharing,500.0
gpu_fragmentation_sharing_00000158,102.21680512700775,313.23906731125106,3.0,0.0,user_0067,,3.403725745151649,0.0,completed,gpu_fragmentation_sharing,0.0
gpu_fragmentation_sharing_00000159,102.30142174896127,150.894211052727,4.0,1.0,user_0109,T4,9.130097031813095,0.0,completed,gpu_fragmentation_sharing,250.0
gpu_fragmentation_sharing_00000160,102.42874505568214,298.21395472599016,5.0,1.0,user_0136,T4,23.284150304050257,0.0,completed,gpu_fragmentation_sharing,250.0
gpu_fragmentation_sharing_00000161,103.323764157983,2911.1873880044577,5.0,1.0,user_0030,T4,9.773812326051736,0.0,failed,gpu_fragmentation_sharing,500.0
gpu_fragmentation_sharing_00000162,103.97868343898355,3482.6429252059334,6.0,0.0,user_0179,,5.895991644447577,0.0,completed,gpu_fragmentation_sharing,0.0
gpu_fragmentation_sharing_00000163,104.17066266548085,200.55128267012952,2.0,1.0,user_0040,H100,5.450660705765647,0.0,killed,gpu_fragmentation_sharing,750.0
gpu_fragmentation_sharing_00000164,104.46623486093965,228.14507419113596,2.0,1.0,user_0161,H100,5.776488753465816,0.0,completed,gpu_fragmentation_sharing,500.0
gpu_fragmentation_sharing_00000165,104.96613556141436,838.7449638280135,5.0,1.0,user_0131,T4,6.344716334112714,0.0,completed,gpu_fragmentation_sharing,750.0
gpu_fragmentation_sharing_00000166,106.2326391491914,54.91865902960934,2.0,1.0,user_0028,H100,5.890353897625731,0.0,completed,gpu_fragmentation_sharing,500.0
gpu_fragmentation_sharing_00000167,106.47151941609879,291.6343711691685,3.0,1.0,user_0144,H100,12.804374426919896,0.0,completed,gpu_fragmentation_sharing,1000.0
gpu_fragmentation_sharing_00000168,106.98156265224891,175.19678121975156,3.0,0.0,user_0039,,2.611891151505087,0.0,completed,gpu_fragmentation_sharing,0.0
gpu_fragmentation_sharing_00000169,107.21768613254028,283.8033143841189,4.0,0.0,user_0119,,12.393845642458283,0.0,completed,gpu_fragmentation_sharing,0.0
gpu_fragmentation_sharing_00000170,107.42056514144153,55.87856991724967,1.0,1.0,user_0191,V100,5.883713351301809,0.0,completed,gpu_fragmentation_sharing,500.0
gpu_fragmentation_sharing_00000171,108.84292660448696,19.39391155840077,2.0,1.0,user_0190,H100,9.264303406402457,0.0,completed,gpu_fragmentation_sharing,500.0
gpu_fragmentation_sharing_00000172,109.21398196299586,10.007242889678038,3.0,1.0,user_0174,A100,3.757700698073312,0.0,completed,gpu_fragmentation_sharing,250.0
gpu_fragmentation_sharing_00000173,110.10693214196928,37.47413531218094,6.0,0.0,user_0098,,16.398315893059877,0.0,completed,gpu_fragmentation_sharing,0.0
gpu_fragmentation_sharing_00000174,110.30873386048447,94.87164194792248,4.0,1.0,user_0111,H100,15.601717059312692,0.0,completed,gpu_fragmentation_sharing,500.0
gpu_fragmentation_sharing_00000175,110.43275725649188,119.92458871870284,15.0,1.0,user_0060,V100,13.141226050647479,0.0,completed,gpu_fragmentation_sharing,500.0
gpu_fragmentation_sharing_00000176,111.19436247061785,2854.660276215473,6.0,0.0,user_0184,,2.9776879227335056,0.0,completed,gpu_fragmentation_sharing,0.0
gpu_fragmentation_sharing_00000177,112.13933144805011,874.9978826251595,4.0,1.0,user_0095,V100,12.15174332022142,0.0,completed,gpu_fragmentation_sharing,500.0
gpu_fragmentation_sharing_00000178,112.77325574461834,46.61289164613261,10.0,1.0,user_0154,H100,9.420734449445439,0.0,completed,gpu_fragmentation_sharing,500.0
gpu_fragmentation_sharing_00000179,113.56482348663967,297.76209406472896,7.0,0.0,user_0071,,2.820283048496727,0.0,completed,gpu_fragmentation_sharing,0.0
gpu_fragmentation_sharing_00000180,114.24405843688722,102.06001248224003,3.0,0.0,user_0148,,7.282116658459877,0.0,completed,gpu_fragmentation_sharing,0.0
gpu_fragmentation_sharing_00000181,114.97202907088196,121.43403585309521,5.0,0.0,user_0044,,9.195559398184399,0.0,completed,gpu_fragmentation_sharing,0.0
gpu_fragmentation_sharing_00000182,116.47515080521181,236.43421575113527,8.0,4.0,user_0146,V100,10.315474684226384,0.0,completed,gpu_fragmentation_sharing,1000.0
gpu_fragmentation_sharing_00000183,118.35746350504078,437.9218472604869,8.0,1.0,user_0009,T4,8.218246130386875,0.0,completed,gpu_fragmentation_sharing,500.0
gpu_fragmentation_sharing_00000184,118.79903506541565,112.34808844123388,3.0,1.0,user_0020,T4,8.799886732622504,0.0,completed,gpu_fragmentation_sharing,250.0
gpu_fragmentation_sharing_00000185,118.85953169041711,824.096806102551,6.0,1.0,user_0070,H100,17.88865718819851,0.0,completed,gpu_fragmentation_sharing,500.0
gpu_fragmentation_sharing_00000186,119.7953545604824,36.20524803677219,3.0,0.0,user_0096,,15.419305773476998,0.0,completed,gpu_fragmentation_sharing,0.0
gpu_fragmentation_sharing_00000187,120.35948361787,183.38753641850838,7.0,2.0,user_0142,A100,1.3228215956863807,0.0,completed,gpu_fragmentation_sharing,1000.0
gpu_fragmentation_sharing_00000188,121.98646134261139,7305.9579797675115,8.0,2.0,user_0071,T4,6.107618138195231,0.0,completed,gpu_fragmentation_sharing,1000.0
gpu_fragmentation_sharing_00000189,122.68277693326193,249.4555776018064,3.0,0.0,user_0003,,6.69398514391849,0.0,completed,gpu_fragmentation_sharing,0.0
gpu_fragmentation_sharing_00000190,122.77629001654414,1393.6122496596133,7.0,0.0,user_0065,,2.582455928340512,0.0,completed,gpu_fragmentation_sharing,0.0
gpu_fragmentation_sharing_00000191,123.4757616050802,206.95356582034358,2.0,0.0,user_0087,,7.818633811941952,0.0,completed,gpu_fragmentation_sharing,0.0
gpu_fragmentation_sharing_00000192,123.85739141137174,414.6647751420278,2.0,0.0,user_0108,,15.630977202718473,0.0,completed,gpu_fragmentation_sharing,0.0
gpu_fragmentation_sharing_00000193,123.93414883765809,167.67746969538123,11.0,0.0,user_0128,,3.8499466237619253,0.0,completed,gpu_fragmentation_sharing,0.0
gpu_fragmentation_sharing_00000194,124.1167155777425,142.7213533659582,6.0,1.0,user_0049,A100,9.04163990356652,0.0,completed,gpu_fragmentation_sharing,500.0
gpu_fragmentation_sharing_00000195,126.4340753065393,60.29051953672287,8.0,2.0,user_0122,V100,4.265271828535869,0.0,killed,gpu_fragmentation_sharing,1000.0
gpu_fragmentation_sharing_00000196,126.70269347961722,334.83405215930696,4.0,0.0,user_0126,,4.93746867445133,0.0,completed,gpu_fragmentation_sharing,0.0
gpu_fragmentation_sharing_00000197,126.87475406154634,54.46568306784999,5.0,0.0,user_0155,,17.929298823138275,0.0,killed,gpu_fragmentation_sharing,0.0
gpu_fragmentation_sharing_00000198,127.17082471208067,467.7875899125587,7.0,0.0,user_0104,,5.335941300692158,0.0,completed,gpu_fragmentation_sharing,0.0
gpu_fragmentation_sharing_00000199,128.5490609619606,849.6061779598708,5.0,0.0,user_0162,,9.750587049539515,0.0,completed,gpu_fragmentation_sharing,0.0
gpu_fragmentation_sharing_00000200,129.27495174634245,305.8316166702421,6.0,0.0,user_0044,,2.4043248352561846,0.0,completed,gpu_fragmentation_sharing,0.0
gpu_fragmentation_sharing_00000201,129.40675513927314,121.11014555442156,2.0,1.0,user_0142,T4,22.587361785671327,0.0,completed,gpu_fragmentation_sharing,250.0
gpu_fragmentation_sharing_00000202,129.41217475449517,346.28391846863803,4.0,1.0,user_0009,H100,10.607820029809547,0.0,completed,gpu_fragmentation_sharing,1000.0
gpu_fragmentation_sharing_00000203,129.7041904315405,117.32278715896362,5.0,0.0,user_0020,,6.622679818188736,0.0,completed,gpu_fragmentation_sharing,0.0
gpu_fragmentation_sharing_00000204,129.8046083987395,686.6537109670885,9.0,1.0,user_0172,T4,10.436694421241544,0.0,completed,gpu_fragmentation_sharing,500.0
gpu_fragmentation_sharing_00000205,131.18291645340506,13.89878493242013,7.0,1.0,user_0095,H100,3.171194537542247,0.0,failed,gpu_fragmentation_sharing,250.0
gpu_fragmentation_sharing_00000206,131.2539752508696,112.93062202336114,6.0,0.0,user_0124,,15.022039835208762,0.0,completed,gpu_fragmentation_sharing,0.0
gpu_fragmentation_sharing_00000207,131.7101369776765,11.183869758619117,4.0,1.0,user_0120,A100,6.083676098318491,0.0,completed,gpu_fragmentation_sharing,750.0
gpu_fragmentation_sharing_00000208,132.38848862259107,22.11057489372468,6.0,1.0,user_0138,A100,6.53752263011775,0.0,completed,gpu_fragmentation_sharing,250.0
gpu_fragmentation_sharing_00000209,134.30182555182895,1262.6915289066474,5.0,1.0,user_0049,H100,5.501422147134736,0.0,completed,gpu_fragmentation_sharing,1000.0
gpu_fragmentation_sharing_00000210,134.49547765608793,648.3543110437348,8.0,1.0,user_0035,T4,5.215365427330628,0.0,completed,gpu_fragmentation_sharing,1000.0
gpu_fragmentation_sharing_00000211,135.65266425589652,65.61818341970573,7.0,0.0,user_0008,,11.20995661618422,0.0,completed,gpu_fragmentation_sharing,0.0
gpu_fragmentation_sharing_00000212,136.16177717057133,21.883128892113564,2.0,0.0,user_0172,,8.615338059944659,0.0,completed,gpu_fragmentation_sharing,0.0
gpu_fragmentation_sharing_00000213,137.31512386527316,3.1890531473357395,5.0,1.0,user_0044,T4,10.924946946801175,0.0,completed,gpu_fragmentation_sharing,750.0
gpu_fragmentation_sharing_00000214,137.55387724392435,84.14370267884608,2.0,0.0,user_0115,,7.350168119089446,0.0,completed,gpu_fragmentation_sharing,0.0
gpu_fragmentation_sharing_00000215,137.7757232368205,5677.2165255162,5.0,1.0,user_0090,V100,10.053490490024291,0.0,completed,gpu_fragmentation_sharing,500.0
gpu_fragmentation_sharing_00000216,137.9442385871574,337.02147957694837,7.0,1.0,user_0032,T4,5.747073413332928,0.0,completed,gpu_fragmentation_sharing,250.0
gpu_fragmentation_sharing_00000217,138.64016980176442,82.25230324229983,3.0,1.0,user_0082,A100,28.15821396797522,0.0,failed,gpu_fragmentation_sharing,750.0
gpu_fragmentation_sharing_00000218,139.0732542084946,351.79623778006015,11.0,2.0,user_0016,H100,2.884183228413846,0.0,completed,gpu_fragmentation_sharing,1000.0
gpu_fragmentation_sharing_00000219,139.65064041680466,20.178095114781183,2.0,1.0,user_0035,H100,15.74562256307058,0.0,completed,gpu_fragmentation_sharing,1000.0
gpu_fragmentation_sharing_00000220,140.50585933339485,119.22458906055526,2.0,1.0,user_0027,V100,16.789345191740264,0.0,completed,gpu_fragmentation_sharing,500.0
gpu_fragmentation_sharing_00000221,141.2752442913909,209.30442173708292,1.0,1.0,user_0164,T4,4.43135194262098,0.0,completed,gpu_fragmentation_sharing,750.0
gpu_fragmentation_sharing_00000222,141.97210981582063,160.84713150726387,4.0,0.0,user_0113,,28.150473254681053,0.0,completed,gpu_fragmentation_sharing,0.0
gpu_fragmentation_sharing_00000223,142.90460824231565,558.9326204475726,15.0,0.0,user_0185,,13.427356688650612,0.0,completed,gpu_fragmentation_sharing,0.0
gpu_fragmentation_sharing_00000224,142.92756612461264,296.46919877824155,3.0,1.0,user_0087,H100,13.232598970786173,0.0,completed,gpu_fragmentation_sharing,750.0
gpu_fragmentation_sharing_00000225,143.93085936053683,469.6136224793543,3.0,1.0,user_0040,H100,7.514340880820989,0.0,completed,gpu_fragmentation_sharing,750.0
gpu_fragmentation_sharing_00000226,144.79780021161906,68.5646335288991,5.0,1.0,user_0121,V100,6.486118676618991,0.0,killed,gpu_fragmentation_sharing,500.0
gpu_fragmentation_sharing_00000227,145.09024230703537,650.7838555600702,5.0,1.0,user_0185,A100,6.516612617741996,0.0,completed,gpu_fragmentation_sharing,250.0
gpu_fragmentation_sharing_00000228,145.25006054485513,1841.0437399771793,2.0,0.0,user_0106,,9.340113066530325,0.0,completed,gpu_fragmentation_sharing,0.0
gpu_fragmentation_sharing_00000229,145.72380348862828,46.08735781126224,7.0,1.0,user_0003,A100,17.127952276884553,0.0,completed,gpu_fragmentation_sharing,500.0
gpu_fragmentation_sharing_00000230,147.07426731938736,51.760172728885394,3.0,1.0,user_0060,A100,8.23825484402475,0.0,failed,gpu_fragmentation_sharing,750.0
gpu_fragmentation_sharing_00000231,147.29155269509553,1213.2539021441455,2.0,0.0,user_0184,,4.276495330402079,0.0,completed,gpu_fragmentation_sharing,0.0
gpu_fragmentation_sharing_00000232,148.24707885379686,138.54718898366664,5.0,0.0,user_0103,,12.11756723648116,0.0,completed,gpu_fragmentation_sharing,0.0
gpu_fragmentation_sharing_00000233,150.22645077956685,1336.5437303669073,5.0,1.0,user_0190,A100,12.841607021100678,0.0,failed,gpu_fragmentation_sharing,750.0
gpu_fragmentation_sharing_00000234,150.49233389336317,97.06370375304033,5.0,0.0,user_0101,,10.94404767423053,0.0,failed,gpu_fragmentation_sharing,0.0
gpu_fragmentation_sharing_00000235,153.36084866718306,1437.5705380776214,6.0,1.0,user_0002,H100,11.557092802177513,0.0,completed,gpu_fragmentation_sharing,500.0
gpu_fragmentation_sharing_00000236,153.4011126556668,219.03433353613542,14.0,1.0,user_0174,T4,6.280459344948673,0.0,completed,gpu_fragmentation_sharing,250.0
gpu_fragmentation_sharing_00000237,153.4259026394184,262.22371149737063,5.0,0.0,user_0152,,4.231711409301357,0.0,completed,gpu_fragmentation_sharing,0.0
gpu_fragmentation_sharing_00000238,154.66410845548907,1680.3001954525632,3.0,1.0,user_0143,T4,4.388923328831201,0.0,completed,gpu_fragmentation_sharing,750.0
gpu_fragmentation_sharing_00000239,155.09436722572235,108.82241038499728,4.0,1.0,user_0194,H100,2.7696530258441796,0.0,completed,gpu_fragmentation_sharing,750.0
gpu_fragmentation_sharing_00000240,155.49839795995257,48.00898165575272,4.0,1.0,user_0039,T4,8.517894338498682,0.0,completed,gpu_fragmentation_sharing,1000.0
gpu_fragmentation_sharing_00000241,156.8045161542753,96.23902276266296,8.0,0.0,user_0181,,7.028200720713301,0.0,completed,gpu_fragmentation_sharing,0.0
gpu_fragmentation_sharing_00000242,158.45451595871398,345.48202351035496,2.0,0.0,user_0046,,5.674641430294397,0.0,completed,gpu_fragmentation_sharing,0.0
gpu_fragmentation_sharing_00000243,159.0040348937333,20.044267050116567,4.0,1.0,user_0194,V100,1.2543640428620793,0.0,completed,gpu_fragmentation_sharing,1000.0
gpu_fragmentation_sharing_00000244,160.40840515307758,449.4620870810499,3.0,4.0,user_0038,V100,3.495965251296867,0.0,completed,gpu_fragmentation_sharing,1000.0
gpu_fragmentation_sharing_00000245,161.08205171790576,84.70776974730822,6.0,1.0,user_0110,V100,14.476177840784889,0.0,completed,gpu_fragmentation_sharing,750.0
gpu_fragmentation_sharing_00000246,161.41636035990376,928.6188052135441,6.0,0.0,user_0157,,4.959100631305987,0.0,completed,gpu_fragmentation_sharing,0.0
gpu_fragmentation_sharing_00000247,161.57855537099837,6.526636383469135,2.0,0.0,user_0015,,9.173831295536257,0.0,completed,gpu_fragmentation_sharing,0.0
gpu_fragmentation_sharing_00000248,162.4963988683272,59.69107371589126,12.0,0.0,user_0013,,3.20781090042351,0.0,completed,gpu_fragmentation_sharing,0.0
gpu_fragmentation_sharing_00000249,163.9236546307916,16.96299814014368,2.0,0.0,user_0169,,17.51790129816643,0.0,failed,gpu_fragmentation_sharing,0.0
gpu_fragmentation_sharing_00000250,165.70357927403316,56.44384434105931,12.0,0.0,user_0012,,6.777331253035576,0.0,completed,gpu_fragmentation_sharing,0.0
gpu_fragmentation_sharing_00000251,165.90491970562067,258.31931597722655,3.0,0.0,user_0122,,8.793600472430345,0.0,completed,gpu_fragmentation_sharing,0.0
gpu_fragmentation_sharing_00000252,166.58878616139654,140.94789840663603,3.0,0.0,user_0187,,29.828606273608287,0.0,completed,gpu_fragmentation_sharing,0.0
gpu_fragmentation_sharing_00000253,166.93098844854967,126.88499126053367,3.0,1.0,user_0122,T4,18.35430331991781,0.0,completed,gpu_fragmentation_sharing,750.0
gpu_fragmentation_sharing_00000254,168.07227406173718,145.01059326471884,2.0,1.0,user_0096,H100,6.1475930254087965,0.0,completed,gpu_fragmentation_sharing,250.0
gpu_fragmentation_sharing_00000255,168.21941703769147,242.5767445893339,3.0,1.0,user_0083,A100,5.176182881037408,0.0,completed,gpu_fragmentation_sharing,250.0
gpu_fragmentation_sharing_00000256,168.25871469426505,43.665046448941645,3.0,1.0,user_0127,H100,6.077983580874562,0.0,completed,gpu_fragmentation_sharing,250.0
gpu_fragmentation_sharing_00000257,168.49932409245858,496.047844813774,13.0,0.0,user_0114,,10.033594865600516,0.0,completed,gpu_fragmentation_sharing,0.0
gpu_fragmentation_sharing_00000258,168.5464310019803,465.85046010801335,3.0,0.0,user_0100,,6.936973050128623,0.0,completed,gpu_fragmentation_sharing,0.0
gpu_fragmentation_sharing_00000259,168.86050013472862,313.9790332910236,5.0,1.0,user_0030,T4,5.8290469465732775,0.0,completed,gpu_fragmentation_sharing,250.0
gpu_fragmentation_sharing_00000260,169.18575347351393,400.6204417582755,2.0,1.0,user_0132,H100,17.81977419321149,0.0,completed,gpu_fragmentation_sharing,250.0
gpu_fragmentation_sharing_00000261,169.2613462682998,276.839573425062,6.0,1.0,user_0147,V100,6.8996733157113495,0.0,completed,gpu_fragmentation_sharing,750.0
gpu_fragmentation_sharing_00000262,171.31949978619076,3281.0523839011075,3.0,1.0,user_0141,T4,29.363530813243166,0.0,completed,gpu_fragmentation_sharing,1000.0
gpu_fragmentation_sharing_00000263,171.52095334159293,160.62061793680084,5.0,0.0,user_0015,,7.802510479455108,0.0,completed,gpu_fragmentation_sharing,0.0
gpu_fragmentation_sharing_00000264,172.31879855937083,117.58734051379689,3.0,0.0,user_0140,,21.56757515351331,0.0,completed,gpu_fragmentation_sharing,0.0
gpu_fragmentation_sharing_00000265,172.45261227452391,62.53936465455507,8.0,1.0,user_0145,T4,9.155837496506226,0.0,completed,gpu_fragmentation_sharing,500.0
gpu_fragmentation_sharing_00000266,172.79179024531288,42.232660433732136,6.0,1.0,user_0036,T4,13.167824866961562,0.0,completed,gpu_fragmentation_sharing,500.0
gpu_fragmentation_sharing_00000267,172.85195272110252,31.36066792653746,3.0,0.0,user_0169,,4.7837911946348655,0.0,completed,gpu_fragmentation_sharing,0.0
gpu_fragmentation_sharing_00000268,172.93051403507766,51.67990812717938,3.0,1.0,user_0104,A100,4.427098779414063,0.0,completed,gpu_fragmentation_sharing,500.0
gpu_fragmentation_sharing_00000269,172.93794819228506,164.40418738606328,5.0,0.0,user_0094,,9.735933964088142,0.0,completed,gpu_fragmentation_sharing,0.0
gpu_fragmentation_sharing_00000270,174.01485956676052,292.1421935604446,11.0,1.0,user_0144,T4,13.371585165826868,0.0,killed,gpu_fragmentation_sharing,500.0
gpu_fragmentation_sharing_00000271,174.25169605738603,195.4262606952257,2.0,0.0,user_0101,,7.569703517300561,0.0,completed,gpu_fragmentation_sharing,0.0
gpu_fragmentation_sharing_00000272,174.71345106956466,61.488633155418356,2.0,1.0,user_0108,A100,3.4149539180517197,0.0,failed,gpu_fragmentation_sharing,500.0
gpu_fragmentation_sharing_00000273,175.2927487293837,652.9798800363246,3.0,0.0,user_0062,,3.2669112943378975,0.0,completed,gpu_fragmentation_sharing,0.0
gpu_fragmentation_sharing_00000274,175.4126240826629,519.5504195290114,5.0,1.0,user_0185,V100,3.138415826285119,0.0,completed,gpu_fragmentation_sharing,750.0
gpu_fragmentation_sharing_00000275,177.36805539542593,144.9153348100217,15.0,0.0,user_0193,,2.55851428407722,0.0,completed,gpu_fragmentation_sharing,0.0
gpu_fragmentation_sharing_00000276,177.73248496904753,72.08590011298053,1.0,1.0,user_0026,A100,7.890750223259957,0.0,completed,gpu_fragmentation_sharing,250.0
gpu_fragmentation_sharing_00000277,177.78273512197498,396.0319642609227,15.0,1.0,user_0146,V100,14.512732288945688,0.0,killed,gpu_fragmentation_sharing,500.0
gpu_fragmentation_sharing_00000278,177.85476440950822,237.3248511299561,7.0,2.0,user_0004,T4,7.329816839856663,0.0,completed,gpu_fragmentation_sharing,1000.0
gpu_fragmentation_sharing_00000279,178.18565327948463,23.601711311279818,2.0,0.0,user_0073,,1.903608214684615,0.0,completed,gpu_fragmentation_sharing,0.0
gpu_fragmentation_sharing_00000280,178.2703140407422,165.03510649258416,11.0,1.0,user_0193,H100,6.589936573432425,0.0,completed,gpu_fragmentation_sharing,500.0
gpu_fragmentation_sharing_00000281,178.4878650701268,263.6453469792746,5.0,1.0,user_0034,T4,6.701427758782447,0.0,completed,gpu_fragmentation_sharing,250.0
gpu_fragmentation_sharing_00000282,178.98342158490678,50.89268167102805,2.0,1.0,user_0075,H100,25.987073729263628,0.0,completed,gpu_fragmentation_sharing,250.0
gpu_fragmentation_sharing_00000283,179.01108632217898,237.95578585635906,6.0,0.0,user_0043,,3.0824269338775196,0.0,completed,gpu_fragmentation_sharing,0.0
gpu_fragmentation_sharing_00000284,179.25034949186033,23.382857496845276,4.0,1.0,user_0145,V100,5.845040000490527,0.0,completed,gpu_fragmentation_sharing,750.0
gpu_fragmentation_sharing_00000285,180.29694159735703,1213.9474598502543,8.0,0.0,user_0092,,20.563375565801678,0.0,completed,gpu_fragmentation_sharing,0.0
gpu_fragmentation_sharing_00000286,180.34662273721085,1070.7611256513972,4.0,0.0,user_0118,,9.679275029217427,0.0,completed,gpu_fragmentation_sharing,0.0
gpu_fragmentation_sharing_00000287,180.99352805326546,127.0397752753956,3.0,1.0,user_0188,V100,10.360368897973133,0.0,completed,gpu_fragmentation_sharing,250.0
gpu_fragmentation_sharing_00000288,181.0271746172344,304.49763338898435,10.0,1.0,user_0104,T4,7.914928519018675,0.0,completed,gpu_fragmentation_sharing,1000.0
gpu_fragmentation_sharing_00000289,182.8125804695791,6.394285192631307,5.0,0.0,user_0146,,9.00667638784119,0.0,completed,gpu_fragmentation_sharing,0.0
gpu_fragmentation_sharing_00000290,182.98204439170053,35.48099391593898,4.0,1.0,user_0019,T4,11.781914876154275,0.0,completed,gpu_fragmentation_sharing,500.0
gpu_fragmentation_sharing_00000291,183.1454324623614,119.82483238111352,5.0,1.0,user_0043,A100,4.546274965097019,0.0,completed,gpu_fragmentation_sharing,750.0
gpu_fragmentation_sharing_00000292,183.87217047978035,39.93196354951528,6.0,0.0,user_0189,,12.513838942962538,0.0,completed,gpu_fragmentation_sharing,0.0
gpu_fragmentation_sharing_00000293,185.37841508080226,501.3982756081107,2.0,1.0,user_0171,V100,3.2420251792697115,0.0,completed,gpu_fragmentation_sharing,1000.0
gpu_fragmentation_sharing_00000294,187.50357303371214,3109.3522633932766,2.0,1.0,user_0131,H100,8.998166044144945,0.0,completed,gpu_fragmentation_sharing,750.0
gpu_fragmentation_sharing_00000295,188.42472382856667,34.48713044397834,3.0,1.0,user_0075,V100,8.225545181927457,0.0,completed,gpu_fragmentation_sharing,1000.0
gpu_fragmentation_sharing_00000296,189.57646491512853,55.55695225521539,6.0,1.0,user_0039,V100,5.105018865399541,0.0,completed,gpu_fragmentation_sharing,250.0
gpu_fragmentation_sharing_00000297,190.30769575358715,253.87591859613354,2.0,8.0,user_0170,H100,7.289163803197182,0.0,completed,gpu_fragmentation_sharing,1000.0
gpu_fragmentation_sharing_00000298,190.43605347370644,1794.954893589616,7.0,1.0,user_0157,V100,5.085919852395674,0.0,completed,gpu_fragmentation_sharing,250.0
gpu_fragmentation_sharing_00000299,191.21315521372352,32.34583442124602,9.0,1.0,user_0048,A100,3.884441455100824,0.0,completed,gpu_fragmentation_sharing,500.0
