scenario,algorithm,mode,seed,n_submitted,n_admitted,rejection_rate,p50_wait_time,p95_wait_time,p99_wait_time,sla_violation_rate,jains_fairness_per_user_wait,avg_gpu_utilization_time_weighted,gpu_hours_wasted,gpu_hours_used,makespan_hours
baseline,random,time-driven,1,300,300,0.0,0.0,332.06185766343555,852.6661986409161,0.09666666666666666,0.11495692032505593,0.17519936815431816,274.5280232683667,58.31365103303008,2.0802604643837297
baseline,random,time-driven,2,300,300,0.0,0.0,330.26953631776223,813.6806462731979,0.09,0.11717218718502281,0.17519936815431816,274.5280232683667,58.31365103303008,2.0802604643837297
baseline,random,time-driven,3,300,300,0.0,0.0,330.26953631776223,881.5239707274615,0.09333333333333334,0.11401065816595825,0.17519936815431816,274.5280232683667,58.31365103303008,2.0802604643837297
baseline,first_fit,time-driven,1,300,300,0.0,0.0,325.4689559867381,982.4294025528823,0.09666666666666666,0.11443216984822703,0.17519936815431816,274.5280232683667,58.31365103303008,2.0802604643837297
baseline,first_fit,time-driven,2,300,300,0.0,0.0,325.4689559867381,982.4294025528823,0.09666666666666666,0.11443216984822703,0.17519936815431816,274.5280232683667,58.31365103303008,2.0802604643837297
baseline,first_fit,time-driven,3,300,300,0.0,0.0,325.4689559867381,982.4294025528823,0.09666666666666666,0.11443216984822703,0.17519936815431816,274.5280232683667,58.31365103303008,2.0802604643837297
baseline,best_fit,time-driven,1,300,300,0.0,0.0,325.4689559867381,1044.649504823861,0.09,0.1022255557095403,0.17519936815431816,274.5280232683667,58.31365103303008,2.0802604643837297
baseline,best_fit,time-driven,2,300,300,0.0,0.0,325.4689559867381,1044.649504823861,0.09,0.1022255557095403,0.17519936815431816,274.5280232683667,58.31365103303008,2.0802604643837297
baseline,best_fit,time-driven,3,300,300,0.0,0.0,325.4689559867381,1044.649504823861,0.09,0.1022255557095403,0.17519936815431816,274.5280232683667,58.31365103303008,2.0802604643837297
baseline,worst_fit,time-driven,1,300,300,0.0,0.0,303.6495725209842,836.7443201613605,0.10333333333333333,0.11448478664114696,0.17519936815431816,274.5280232683667,58.31365103303008,2.0802604643837297
baseline,worst_fit,time-driven,2,300,300,0.0,0.0,303.6495725209842,836.7443201613605,0.10333333333333333,0.11448478664114696,0.17519936815431816,274.5280232683667,58.31365103303008,2.0802604643837297
baseline,worst_fit,time-driven,3,300,300,0.0,0.0,303.6495725209842,836.7443201613605,0.10333333333333333,0.11448478664114696,0.17519936815431816,274.5280232683667,58.31365103303008,2.0802604643837297
baseline,round_robin,time-driven,1,300,300,0.0,0.0,332.06185766343555,881.5239707274615,0.09666666666666666,0.11378788141861775,0.17519936815431816,274.5280232683667,58.31365103303008,2.0802604643837297
baseline,round_robin,time-driven,2,300,300,0.0,0.0,332.06185766343555,881.5239707274615,0.09666666666666666,0.11378788141861775,0.17519936815431816,274.5280232683667,58.31365103303008,2.0802604643837297
baseline,round_robin,time-driven,3,300,300,0.0,0.0,332.06185766343555,881.5239707274615,0.09666666666666666,0.11378788141861775,0.17519936815431816,274.5280232683667,58.31365103303008,2.0802604643837297
baseline,gpu_packing,time-driven,1,300,300,0.0,0.0,325.4689559867381,1044.649504823861,0.09,0.10217015560202088,0.17519936815431816,274.5280232683667,58.31365103303008,2.0802604643837297
baseline,gpu_packing,time-driven,2,300,300,0.0,0.0,325.4689559867381,1044.649504823861,0.09,0.10217015560202088,0.17519936815431816,274.5280232683667,58.31365103303008,2.0802604643837297
baseline,gpu_packing,time-driven,3,300,300,0.0,0.0,325.4689559867381,1044.649504823861,0.09,0.10217015560202088,0.17519936815431816,274.5280232683667,58.31365103303008,2.0802604643837297
baseline,least_requested,time-driven,1,300,300,0.0,0.0,356.159506203125,1064.6433846549376,0.08333333333333333,0.08278529836200868,0.17519936815431816,274.5280232683667,58.31365103303008,2.0802604643837297
baseline,least_requested,time-driven,2,300,300,0.0,0.0,356.159506203125,1064.6433846549376,0.08333333333333333,0.08278529836200868,0.17519936815431816,274.5280232683667,58.31365103303008,2.0802604643837297
baseline,least_requested,time-driven,3,300,300,0.0,0.0,356.159506203125,1064.6433846549376,0.08333333333333333,0.08278529836200868,0.17519936815431816,274.5280232683667,58.31365103303008,2.0802604643837297
baseline,fgd,time-driven,1,300,300,0.0,0.0,373.3131623258745,850.9164099744746,0.10333333333333333,0.11738837059539477,0.17519936815431816,274.5280232683667,58.31365103303008,2.0802604643837297
baseline,fgd,time-driven,2,300,300,0.0,0.0,373.3131623258745,850.9164099744746,0.10333333333333333,0.11738837059539477,0.17519936815431816,274.5280232683667,58.31365103303008,2.0802604643837297
baseline,fgd,time-driven,3,300,300,0.0,0.0,373.3131623258745,850.9164099744746,0.10333333333333333,0.11738837059539477,0.17519936815431816,274.5280232683667,58.31365103303008,2.0802604643837297
baseline,w_fgd,time-driven,1,300,300,0.0,0.0,360.1768185484228,904.5876446156241,0.09333333333333334,0.11317772534929782,0.17519936815431816,274.5280232683667,58.31365103303008,2.0802604643837297
baseline,w_fgd,time-driven,2,300,300,0.0,0.0,360.1768185484228,904.5876446156241,0.09333333333333334,0.11317772534929782,0.17519936815431816,274.5280232683667,58.31365103303008,2.0802604643837297
baseline,w_fgd,time-driven,3,300,300,0.0,0.0,360.1768185484228,904.5876446156241,0.09333333333333334,0.11317772534929782,0.17519936815431816,274.5280232683667,58.31365103303008,2.0802604643837297
baseline,w_fgd_balanced,time-driven,1,300,300,0.0,0.0,360.1768185484228,1040.7328909876162,0.06666666666666667,0.08034836404742259,0.17519936815431816,274.5280232683667,58.31365103303008,2.0802604643837297
baseline,w_fgd_balanced,time-driven,2,300,300,0.0,0.0,360.1768185484228,1040.7328909876162,0.06666666666666667,0.08034836404742259,0.17519936815431816,274.5280232683667,58.31365103303008,2.0802604643837297
baseline,w_fgd_balanced,time-driven,3,300,300,0.0,0.0,360.1768185484228,1040.7328909876162,0.06666666666666667,0.08034836404742259,0.17519936815431816,274.5280232683667,58.31365103303008,2.0802604643837297
bursty_arrivals,random,time-driven,1,300,300,0.0,0.0,736.0112302345241,1329.3780103052197,0.15666666666666668,0.13898888147990704,0.07810679959114174,437.94243212126054,37.1043866718857,2.969042617457164
bursty_arrivals,random,time-driven,2,300,300,0.0,0.0,736.0820004811213,1290.4648993192695,0.15666666666666668,0.1422034157844562,0.07810679959114174,437.94243212126054,37.1043866718857,2.969042617457164
bursty_arrivals,random,time-driven,3,300,300,0.0,0.0,778.544609882255,1321.1385275719176,0.15666666666666668,0.13979905250258487,0.07810679959114174,437.94243212126054,37.1043866718857,2.969042617457164
bursty_arrivals,first_fit,time-driven,1,300,300,0.0,0.0,729.4007684107598,1283.7926774669388,0.14666666666666667,0.12642403586567644,0.07807238755396652,438.1518189390644,37.1043866718857,2.970351285068438
bursty_arrivals,first_fit,time-driven,2,300,300,0.0,0.0,729.4007684107598,1283.7926774669388,0.14666666666666667,0.12642403586567644,0.07807238755396652,438.1518189390644,37.1043866718857,2.970351285068438
bursty_arrivals,first_fit,time-driven,3,300,300,0.0,0.0,729.4007684107598,1283.7926774669388,0.14666666666666667,0.12642403586567644,0.07807238755396652,438.1518189390644,37.1043866718857,2.970351285068438
bursty_arrivals,best_fit,time-driven,1,300,300,0.0,0.0,729.4007684107598,1283.7926774669388,0.14666666666666667,0.1268215388034215,0.07807238755396652,438.1518189390644,37.1043866718857,2.970351285068438
bursty_arrivals,best_fit,time-driven,2,300,300,0.0,0.0,729.4007684107598,1283.7926774669388,0.14666666666666667,0.1268215388034215,0.07807238755396652,438.1518189390644,37.1043866718857,2.970351285068438
bursty_arrivals,best_fit,time-driven,3,300,300,0.0,0.0,729.4007684107598,1283.7926774669388,0.14666666666666667,0.1268215388034215,0.07807238755396652,438.1518189390644,37.1043866718857,2.970351285068438
bursty_arrivals,worst_fit,time-driven,1,300,300,0.0,0.0,778.544609882255,1321.1385275719176,0.15666666666666668,0.13882097075178104,0.07810679959114174,437.94243212126054,37.1043866718857,2.969042617457164
bursty_arrivals,worst_fit,time-driven,2,300,300,0.0,0.0,778.544609882255,1321.1385275719176,0.15666666666666668,0.13882097075178104,0.07810679959114174,437.94243212126054,37.1043866718857,2.969042617457164
bursty_arrivals,worst_fit,time-driven,3,300,300,0.0,0.0,778.544609882255,1321.1385275719176,0.15666666666666668,0.13882097075178104,0.07810679959114174,437.94243212126054,37.1043866718857,2.969042617457164
bursty_arrivals,round_robin,time-driven,1,300,300,0.0,0.0,736.0112302345241,1290.4648993192695,0.15,0.1378285512772044,0.07810679959114174,437.94243212126054,37.1043866718857,2.969042617457164
bursty_arrivals,round_robin,time-driven,2,300,300,0.0,0.0,736.0112302345241,1290.4648993192695,0.15,0.1378285512772044,0.07810679959114174,437.94243212126054,37.1043866718857,2.969042617457164
bursty_arrivals,round_robin,time-driven,3,300,300,0.0,0.0,736.0112302345241,1290.4648993192695,0.15,0.1378285512772044,0.07810679959114174,437.94243212126054,37.1043866718857,2.969042617457164
bursty_arrivals,gpu_packing,time-driven,1,300,300,0.0,0.0,729.4007684107598,1283.7926774669388,0.14666666666666667,0.12565371367921033,0.07807238755396652,438.1518189390644,37.1043866718857,2.970351285068438
bursty_arrivals,gpu_packing,time-driven,2,300,300,0.0,0.0,729.4007684107598,1283.7926774669388,0.14666666666666667,0.12565371367921033,0.07807238755396652,438.1518189390644,37.1043866718857,2.970351285068438
bursty_arrivals,gpu_packing,time-driven,3,300,300,0.0,0.0,729.4007684107598,1283.7926774669388,0.14666666666666667,0.12565371367921033,0.07807238755396652,438.1518189390644,37.1043866718857,2.970351285068438
bursty_arrivals,least_requested,time-driven,1,300,300,0.0,0.0,736.0820004811213,1290.4648993192695,0.16,0.15139297330168963,0.07810679959114174,437.94243212126054,37.1043866718857,2.969042617457164
bursty_arrivals,least_requested,time-driven,2,300,300,0.0,0.0,736.0820004811213,1290.4648993192695,0.16,0.15139297330168963,0.07810679959114174,437.94243212126054,37.1043866718857,2.969042617457164
bursty_arrivals,least_requested,time-driven,3,300,300,0.0,0.0,736.0820004811213,1290.4648993192695,0.16,0.15139297330168963,0.07810679959114174,437.94243212126054,37.1043866718857,2.969042617457164
bursty_arrivals,fgd,time-driven,1,300,300,0.0,0.0,729.4007684107598,1290.4648993192695,0.15,0.1350532565779484,0.07810679959114174,437.94243212126054,37.1043866718857,2.969042617457164
bursty_arrivals,fgd,time-driven,2,300,300,0.0,0.0,729.4007684107598,1290.4648993192695,0.15,0.1350532565779484,0.07810679959114174,437.94243212126054,37.1043866718857,2.969042617457164
bursty_arrivals,fgd,time-driven,3,300,300,0.0,0.0,729.4007684107598,1290.4648993192695,0.15,0.1350532565779484,0.07810679959114174,437.94243212126054,37.1043866718857,2.969042617457164
bursty_arrivals,w_fgd,time-driven,1,300,300,0.0,0.0,749.9781674527248,1290.4648993192695,0.15333333333333332,0.13721284474734008,0.07810679959114174,437.94243212126054,37.1043866718857,2.969042617457164
bursty_arrivals,w_fgd,time-driven,2,300,300,0.0,0.0,749.9781674527248,1290.4648993192695,0.15333333333333332,0.13721284474734008,0.07810679959114174,437.94243212126054,37.1043866718857,2.969042617457164
bursty_arrivals,w_fgd,time-driven,3,300,300,0.0,0.0,749.9781674527248,1290.4648993192695,0.15333333333333332,0.13721284474734008,0.07810679959114174,437.94243212126054,37.1043866718857,2.969042617457164
bursty_arrivals,w_fgd_balanced,time-driven,1,300,300,0.0,0.0,729.4007684107598,1290.4648993192695,0.16,0.14750015809056619,0.07810679959114174,437.94243212126054,37.1043866718857,2.969042617457164
bursty_arrivals,w_fgd_balanced,time-driven,2,300,300,0.0,0.0,729.4007684107598,1290.4648993192695,0.16,0.14750015809056619,0.07810679959114174,437.94243212126054,37.1043866718857,2.969042617457164
bursty_arrivals,w_fgd_balanced,time-driven,3,300,300,0.0,0.0,729.4007684107598,1290.4648993192695,0.16,0.14750015809056619,0.07810679959114174,437.94243212126054,37.1043866718857,2.969042617457164
checkpoint_io_burst,random,time-driven,1,300,300,0.0,0.0,416.72237683912266,1052.6575939769516,0.23333333333333334,0.15544910956591199,0.1859601066004798,271.44024670023106,62.0080878361351,2.084052090852288
checkpoint_io_burst,random,time-driven,2,300,300,0.0,0.0,466.0933191764366,852.9407857616302,0.21333333333333335,0.15821654972137952,0.1859601066004798,271.44024670023106,62.00808783613509,2.084052090852288
checkpoint_io_burst,random,time-driven,3,300,300,0.0,0.0,466.0933191764366,1089.182904158216,0.24,0.14548441891641112,0.1859601066004798,271.44024670023106,62.0080878361351,2.084052090852288
checkpoint_io_burst,first_fit,time-driven,1,300,300,0.0,0.0,462.4053728688623,1120.5009184312153,0.24,0.16003670299364547,0.1859601066004798,271.44024670023106,62.0080878361351,2.084052090852288
checkpoint_io_burst,first_fit,time-driven,2,300,300,0.0,0.0,462.4053728688623,1120.5009184312153,0.24,0.16003670299364547,0.1859601066004798,271.44024670023106,62.0080878361351,2.084052090852288
checkpoint_io_burst,first_fit,time-driven,3,300,300,0.0,0.0,462.4053728688623,1120.5009184312153,0.24,0.16003670299364547,0.1859601066004798,271.44024670023106,62.0080878361351,2.084052090852288
checkpoint_io_burst,best_fit,time-driven,1,300,300,0.0,0.0,462.4053728688623,1052.6575939769516,0.24333333333333335,0.16373235062459132,0.1859601066004798,271.44024670023106,62.0080878361351,2.084052090852288
checkpoint_io_burst,best_fit,time-driven,2,300,300,0.0,0.0,462.4053728688623,1052.6575939769516,0.24333333333333335,0.16373235062459132,0.1859601066004798,271.44024670023106,62.0080878361351,2.084052090852288
checkpoint_io_burst,best_fit,time-driven,3,300,300,0.0,0.0,462.4053728688623,1052.6575939769516,0.24333333333333335,0.16373235062459132,0.1859601066004798,271.44024670023106,62.0080878361351,2.084052090852288
checkpoint_io_burst,worst_fit,time-driven,1,300,300,0.0,0.0,432.68623379968074,1060.3691429660894,0.22666666666666666,0.14558327901766593,0.18596010660047982,271.440246700231,62.008087836135104,2.084052090852288
checkpoint_io_burst,worst_fit,time-driven,2,300,300,0.0,0.0,432.68623379968074,1060.3691429660894,0.22666666666666666,0.14558327901766593,0.18596010660047982,271.440246700231,62.008087836135104,2.084052090852288
checkpoint_io_burst,worst_fit,time-driven,3,300,300,0.0,0.0,432.68623379968074,1060.3691429660894,0.22666666666666666,0.14558327901766593,0.18596010660047982,271.440246700231,62.008087836135104,2.084052090852288
checkpoint_io_burst,round_robin,time-driven,1,300,300,0.0,0.0,453.96865804183136,935.6363410814778,0.23666666666666666,0.17105190535644776,0.1859601066004798,271.44024670023106,62.0080878361351,2.084052090852288
checkpoint_io_burst,round_robin,time-driven,2,300,300,0.0,0.0,453.96865804183136,935.6363410814778,0.23666666666666666,0.17105190535644776,0.1859601066004798,271.44024670023106,62.0080878361351,2.084052090852288
checkpoint_io_burst,round_robin,time-driven,3,300,300,0.0,0.0,453.96865804183136,935.6363410814778,0.23666666666666666,0.17105190535644776,0.1859601066004798,271.44024670023106,62.0080878361351,2.084052090852288
checkpoint_io_burst,gpu_packing,time-driven,1,300,300,0.0,0.0,462.4053728688623,1052.6575939769516,0.23666666666666666,0.16133610991242123,0.1859601066004798,271.44024670023106,62.0080878361351,2.084052090852288
checkpoint_io_burst,gpu_packing,time-driven,2,300,300,0.0,0.0,462.4053728688623,1052.6575939769516,0.23666666666666666,0.16133610991242123,0.1859601066004798,271.44024670023106,62.0080878361351,2.084052090852288
checkpoint_io_burst,gpu_packing,time-driven,3,300,300,0.0,0.0,462.4053728688623,1052.6575939769516,0.23666666666666666,0.16133610991242123,0.1859601066004798,271.44024670023106,62.0080878361351,2.084052090852288
checkpoint_io_burst,least_requested,time-driven,1,300,300,0.0,0.0,388.5010800686473,1058.0939773832142,0.14333333333333334,0.10159579965570771,0.1859601066004798,271.44024670023106,62.0080878361351,2.084052090852288
checkpoint_io_burst,least_requested,time-driven,2,300,300,0.0,0.0,388.5010800686473,1058.0939773832142,0.14333333333333334,0.10159579965570771,0.1859601066004798,271.44024670023106,62.0080878361351,2.084052090852288
checkpoint_io_burst,least_requested,time-driven,3,300,300,0.0,0.0,388.5010800686473,1058.0939773832142,0.14333333333333334,0.10159579965570771,0.1859601066004798,271.44024670023106,62.0080878361351,2.084052090852288
checkpoint_io_burst,fgd,time-driven,1,300,300,0.0,0.0,425.241577223007,783.9043600236035,0.22666666666666666,0.16686592200908149,0.1859601066004798,271.44024670023106,62.0080878361351,2.084052090852288
checkpoint_io_burst,fgd,time-driven,2,300,300,0.0,0.0,425.241577223007,783.9043600236035,0.22666666666666666,0.16686592200908149,0.1859601066004798,271.44024670023106,62.0080878361351,2.084052090852288
checkpoint_io_burst,fgd,time-driven,3,300,300,0.0,0.0,425.241577223007,783.9043600236035,0.22666666666666666,0.16686592200908149,0.1859601066004798,271.44024670023106,62.0080878361351,2.084052090852288
checkpoint_io_burst,w_fgd,time-driven,1,300,300,0.0,0.0,446.2681122953362,1052.6575939769516,0.24,0.14856197839340518,0.1859601066004798,271.44024670023106,62.0080878361351,2.084052090852288
checkpoint_io_burst,w_fgd,time-driven,2,300,300,0.0,0.0,446.2681122953362,1052.6575939769516,0.24,0.14856197839340518,0.1859601066004798,271.44024670023106,62.0080878361351,2.084052090852288
checkpoint_io_burst,w_fgd,time-driven,3,300,300,0.0,0.0,446.2681122953362,1052.6575939769516,0.24,0.14856197839340518,0.1859601066004798,271.44024670023106,62.0080878361351,2.084052090852288
checkpoint_io_burst,w_fgd_balanced,time-driven,1,300,300,0.0,0.0,588.7452232793692,1117.2097315861938,0.15,0.10929004572954777,0.1859601066004798,271.44024670023106,62.0080878361351,2.084052090852288
checkpoint_io_burst,w_fgd_balanced,time-driven,2,300,300,0.0,0.0,588.7452232793692,1117.2097315861938,0.15,0.10929004572954777,0.1859601066004798,271.44024670023106,62.0080878361351,2.084052090852288
checkpoint_io_burst,w_fgd_balanced,time-driven,3,300,300,0.0,0.0,588.7452232793692,1117.2097315861938,0.15,0.10929004572954777,0.1859601066004798,271.44024670023106,62.0080878361351,2.084052090852288
cold_start_storm,random,time-driven,1,300,300,0.0,0.0,0.0,10.93352468266312,0.0,0.013455435139086369,0.001687465380687495,1106.3739265334834,1.8701234677299485,6.926525312507583
cold_start_storm,random,time-driven,2,300,300,0.0,0.0,0.0,10.93352468266312,0.0,0.01948702230433925,0.001687465380687495,1106.3739265334834,1.8701234677299485,6.926525312507583
cold_start_storm,random,time-driven,3,300,300,0.0,0.0,0.0,8.492824421184196,0.0,0.012946649701116498,0.001687465380687495,1106.3739265334834,1.8701234677299485,6.926525312507583
cold_start_storm,first_fit,time-driven,1,300,300,0.0,0.0,0.0,8.267307850352154,0.0,0.016502859020314935,0.001687465380687495,1106.3739265334834,1.8701234677299485,6.926525312507583
cold_start_storm,first_fit,time-driven,2,300,300,0.0,0.0,0.0,8.267307850352154,0.0,0.016502859020314935,0.001687465380687495,1106.3739265334834,1.8701234677299485,6.926525312507583
cold_start_storm,first_fit,time-driven,3,300,300,0.0,0.0,0.0,8.267307850352154,0.0,0.016502859020314935,0.001687465380687495,1106.3739265334834,1.8701234677299485,6.926525312507583
cold_start_storm,best_fit,time-driven,1,300,300,0.0,0.0,0.0,5.97982581022552,0.0,0.015560246110173275,0.001687465380687495,1106.3739265334834,1.8701234677299485,6.926525312507583
cold_start_storm,best_fit,time-driven,2,300,300,0.0,0.0,0.0,5.97982581022552,0.0,0.015560246110173275,0.001687465380687495,1106.3739265334834,1.8701234677299485,6.926525312507583
cold_start_storm,best_fit,time-driven,3,300,300,0.0,0.0,0.0,5.97982581022552,0.0,0.015560246110173275,0.001687465380687495,1106.3739265334834,1.8701234677299485,6.926525312507583
cold_start_storm,worst_fit,time-driven,1,300,300,0.0,0.0,0.0,10.93352468266312,0.0,0.01948702230433925,0.001687465380687495,1106.3739265334834,1.8701234677299485,6.926525312507583
cold_start_storm,worst_fit,time-driven,2,300,300,0.0,0.0,0.0,10.93352468266312,0.0,0.01948702230433925,0.001687465380687495,1106.3739265334834,1.8701234677299485,6.926525312507583
cold_start_storm,worst_fit,time-driven,3,300,300,0.0,0.0,0.0,10.93352468266312,0.0,0.01948702230433925,0.001687465380687495,1106.3739265334834,1.8701234677299485,6.926525312507583
cold_start_storm,round_robin,time-driven,1,300,300,0.0,0.0,0.0,8.267307850352154,0.0,0.016502859020314935,0.001687465380687495,1106.3739265334834,1.8701234677299485,6.926525312507583
cold_start_storm,round_robin,time-driven,2,300,300,0.0,0.0,0.0,8.267307850352154,0.0,0.016502859020314935,0.001687465380687495,1106.3739265334834,1.8701234677299485,6.926525312507583
cold_start_storm,round_robin,time-driven,3,300,300,0.0,0.0,0.0,8.267307850352154,0.0,0.016502859020314935,0.001687465380687495,1106.3739265334834,1.8701234677299485,6.926525312507583
cold_start_storm,gpu_packing,time-driven,1,300,300,0.0,0.0,0.0,8.267307850352154,0.0,0.016502859020314935,0.001687465380687495,1106.3739265334834,1.8701234677299485,6.926525312507583
cold_start_storm,gpu_packing,time-driven,2,300,300,0.0,0.0,0.0,8.267307850352154,0.0,0.016502859020314935,0.001687465380687495,1106.3739265334834,1.8701234677299485,6.926525312507583
cold_start_storm,gpu_packing,time-driven,3,300,300,0.0,0.0,0.0,8.267307850352154,0.0,0.016502859020314935,0.001687465380687495,1106.3739265334834,1.8701234677299485,6.926525312507583
cold_start_storm,least_requested,time-driven,1,300,300,0.0,0.0,0.0,14.01536119524826,0.0,0.018751540734522308,0.001687465380687495,1106.3739265334834,1.8701234677299485,6.926525312507583
cold_start_storm,least_requested,time-driven,2,300,300,0.0,0.0,0.0,14.01536119524826,0.0,0.018751540734522308,0.001687465380687495,1106.3739265334834,1.8701234677299485,6.926525312507583
cold_start_storm,least_requested,time-driven,3,300,300,0.0,0.0,0.0,14.01536119524826,0.0,0.018751540734522308,0.001687465380687495,1106.3739265334834,1.8701234677299485,6.926525312507583
cold_start_storm,fgd,time-driven,1,300,300,0.0,0.0,0.0,14.01536119524826,0.0,0.019220825400804043,0.001687465380687495,1106.3739265334834,1.8701234677299485,6.926525312507583
cold_start_storm,fgd,time-driven,2,300,300,0.0,0.0,0.0,14.01536119524826,0.0,0.019220825400804043,0.001687465380687495,1106.3739265334834,1.8701234677299485,6.926525312507583
cold_start_storm,fgd,time-driven,3,300,300,0.0,0.0,0.0,14.01536119524826,0.0,0.019220825400804043,0.001687465380687495,1106.3739265334834,1.8701234677299485,6.926525312507583
cold_start_storm,w_fgd,time-driven,1,300,300,0.0,0.0,0.0,8.267307850352154,0.0,0.016502859020314935,0.001687465380687495,1106.3739265334834,1.8701234677299485,6.926525312507583
cold_start_storm,w_fgd,time-driven,2,300,300,0.0,0.0,0.0,8.267307850352154,0.0,0.016502859020314935,0.001687465380687495,1106.3739265334834,1.8701234677299485,6.926525312507583
cold_start_storm,w_fgd,time-driven,3,300,300,0.0,0.0,0.0,8.267307850352154,0.0,0.016502859020314935,0.001687465380687495,1106.3739265334834,1.8701234677299485,6.926525312507583
cold_start_storm,w_fgd_balanced,time-driven,1,300,300,0.0,0.0,0.0,14.01536119524826,0.0,0.018751540734522308,0.001687465380687495,1106.3739265334834,1.8701234677299485,6.926525312507583
cold_start_storm,w_fgd_balanced,time-driven,2,300,300,0.0,0.0,0.0,14.01536119524826,0.0,0.018751540734522308,0.001687465380687495,1106.3739265334834,1.8701234677299485,6.926525312507583
cold_start_storm,w_fgd_balanced,time-driven,3,300,300,0.0,0.0,0.0,14.01536119524826,0.0,0.018751540734522308,0.001687465380687495,1106.3739265334834,1.8701234677299485,6.926525312507583
diurnal_pattern,random,time-driven,1,300,300,0.0,0.0,660.6765645646653,1645.0334822393957,0.21,0.1453143047171636,0.15062543776374043,373.00008383528734,66.14667240054955,2.7446672264739806
diurnal_pattern,random,time-driven,2,300,300,0.0,0.0,615.5471607462637,1645.0334822393957,0.2,0.134690725343143,0.15062543776374043,373.00008383528734,66.14667240054955,2.7446672264739806
diurnal_pattern,random,time-driven,3,300,300,0.0,0.0,691.8256912385182,1322.3446479033928,0.20666666666666667,0.15734347311372232,0.15062543776374043,373.00008383528734,66.14667240054955,2.7446672264739806
diurnal_pattern,first_fit,time-driven,1,300,300,0.0,0.0,565.1349611466337,2345.5970749511703,0.21333333333333335,0.11237668784555133,0.15062543776374043,373.00008383528734,66.14667240054955,2.7446672264739806
diurnal_pattern,first_fit,time-driven,2,300,300,0.0,0.0,565.1349611466337,2345.5970749511703,0.21333333333333335,0.11237668784555133,0.15062543776374043,373.00008383528734,66.14667240054955,2.7446672264739806
diurnal_pattern,first_fit,time-driven,3,300,300,0.0,0.0,565.1349611466337,2345.5970749511703,0.21333333333333335,0.11237668784555133,0.15062543776374043,373.00008383528734,66.14667240054955,2.7446672264739806
diurnal_pattern,best_fit,time-driven,1,300,300,0.0,0.0,565.1349611466337,2345.5970749511703,0.21,0.11130185091850063,0.15062543776374043,373.00008383528734,66.14667240054955,2.7446672264739806
diurnal_pattern,best_fit,time-driven,2,300,300,0.0,0.0,565.1349611466337,2345.5970749511703,0.21,0.11130185091850063,0.15062543776374043,373.00008383528734,66.14667240054955,2.7446672264739806
diurnal_pattern,best_fit,time-driven,3,300,300,0.0,0.0,565.1349611466337,2345.5970749511703,0.21,0.11130185091850063,0.15062543776374043,373.00008383528734,66.14667240054955,2.7446672264739806
diurnal_pattern,worst_fit,time-driven,1,300,300,0.0,0.0,620.3398427805512,1078.1288786834225,0.22,0.19671484187160596,0.15062543776374043,373.00008383528734,66.14667240054955,2.7446672264739806
diurnal_pattern,worst_fit,time-driven,2,300,300,0.0,0.0,620.3398427805512,1078.1288786834225,0.22,0.19671484187160596,0.15062543776374043,373.00008383528734,66.14667240054955,2.7446672264739806
diurnal_pattern,worst_fit,time-driven,3,300,300,0.0,0.0,620.3398427805512,1078.1288786834225,0.22,0.19671484187160596,0.15062543776374043,373.00008383528734,66.14667240054955,2.7446672264739806
diurnal_pattern,round_robin,time-driven,1,300,300,0.0,0.0,617.5020082793428,1093.0317875567835,0.21,0.15404673881183573,0.15062543776374043,373.00008383528734,66.14667240054955,2.7446672264739806
diurnal_pattern,round_robin,time-driven,2,300,300,0.0,0.0,617.5020082793428,1093.0317875567835,0.21,0.15404673881183573,0.15062543776374043,373.00008383528734,66.14667240054955,2.7446672264739806
diurnal_pattern,round_robin,time-driven,3,300,300,0.0,0.0,617.5020082793428,1093.0317875567835,0.21,0.15404673881183573,0.15062543776374043,373.00008383528734,66.14667240054955,2.7446672264739806
diurnal_pattern,gpu_packing,time-driven,1,300,300,0.0,0.0,565.1349611466337,2345.5970749511703,0.21,0.11162284046341434,0.15062543776374043,373.00008383528734,66.14667240054955,2.7446672264739806
diurnal_pattern,gpu_packing,time-driven,2,300,300,0.0,0.0,565.1349611466337,2345.5970749511703,0.21,0.11162284046341434,0.15062543776374043,373.00008383528734,66.14667240054955,2.7446672264739806
diurnal_pattern,gpu_packing,time-driven,3,300,300,0.0,0.0,565.1349611466337,2345.5970749511703,0.21,0.11162284046341434,0.15062543776374043,373.00008383528734,66.14667240054955,2.7446672264739806
diurnal_pattern,least_requested,time-driven,1,300,300,0.0,0.0,716.2244829634104,1659.2688229993132,0.21333333333333335,0.1475249509707329,0.15062543776374043,373.00008383528734,66.14667240054955,2.7446672264739806
diurnal_pattern,least_requested,time-driven,2,300,300,0.0,0.0,716.2244829634104,1659.2688229993132,0.21333333333333335,0.1475249509707329,0.15062543776374043,373.00008383528734,66.14667240054955,2.7446672264739806
diurnal_pattern,least_requested,time-driven,3,300,300,0.0,0.0,716.2244829634104,1659.2688229993132,0.21333333333333335,0.1475249509707329,0.15062543776374043,373.00008383528734,66.14667240054955,2.7446672264739806
diurnal_pattern,fgd,time-driven,1,300,300,0.0,0.0,691.8256912385182,2345.5970749511703,0.21333333333333335,0.11937373158896601,0.15062543776374043,373.00008383528734,66.14667240054955,2.7446672264739806
diurnal_pattern,fgd,time-driven,2,300,300,0.0,0.0,691.8256912385182,2345.5970749511703,0.21333333333333335,0.11937373158896601,0.15062543776374043,373.00008383528734,66.14667240054955,2.7446672264739806
diurnal_pattern,fgd,time-driven,3,300,300,0.0,0.0,691.8256912385182,2345.5970749511703,0.21333333333333335,0.11937373158896601,0.15062543776374043,373.00008383528734,66.14667240054955,2.7446672264739806
diurnal_pattern,w_fgd,time-driven,1,300,300,0.0,0.0,565.1349611466337,2345.5970749511703,0.21,0.11420666941205036,0.15062543776374043,373.00008383528734,66.14667240054955,2.7446672264739806
diurnal_pattern,w_fgd,time-driven,2,300,300,0.0,0.0,565.1349611466337,2345.5970749511703,0.21,0.11420666941205036,0.15062543776374043,373.00008383528734,66.14667240054955,2.7446672264739806
diurnal_pattern,w_fgd,time-driven,3,300,300,0.0,0.0,565.1349611466337,2345.5970749511703,0.21,0.11420666941205036,0.15062543776374043,373.00008383528734,66.14667240054955,2.7446672264739806
diurnal_pattern,w_fgd_balanced,time-driven,1,300,300,0.0,0.0,620.3398427805512,1659.2688229993132,0.22,0.14442617725477438,0.15062543776374043,373.00008383528734,66.14667240054955,2.7446672264739806
diurnal_pattern,w_fgd_balanced,time-driven,2,300,300,0.0,0.0,620.3398427805512,1659.2688229993132,0.22,0.14442617725477438,0.15062543776374043,373.00008383528734,66.14667240054955,2.7446672264739806
diurnal_pattern,w_fgd_balanced,time-driven,3,300,300,0.0,0.0,620.3398427805512,1659.2688229993132,0.22,0.14442617725477438,0.15062543776374043,373.00008383528734,66.14667240054955,2.7446672264739806
flash_crowd,random,time-driven,1,300,300,0.0,0.0,394.8463572961277,1813.2868588407284,0.12333333333333334,0.06277106866601172,0.12864424694258672,299.2917865529388,44.18650632891078,2.1467393305115596
flash_crowd,random,time-driven,2,300,300,0.0,0.0,249.48155286724756,1928.6647031255754,0.11666666666666667,0.057876801868054537,0.1286442469425867,299.2917865529388,44.186506328910774,2.1467393305115596
flash_crowd,random,time-driven,3,300,300,0.0,0.0,192.99735218731456,1928.6647031255754,0.12,0.055798536051828364,0.12864424694258667,299.2917865529388,44.18650632891076,2.1467393305115596
flash_crowd,first_fit,time-driven,1,300,300,0.0,0.0,173.6034406289138,1752.0426422215298,0.10333333333333333,0.050045056036737555,0.1286442469425867,299.2917865529388,44.18650632891077,2.1467393305115596
flash_crowd,first_fit,time-driven,2,300,300,0.0,0.0,173.6034406289138,1752.0426422215298,0.10333333333333333,0.050045056036737555,0.1286442469425867,299.2917865529388,44.18650632891077,2.1467393305115596
flash_crowd,first_fit,time-driven,3,300,300,0.0,0.0,173.6034406289138,1752.0426422215298,0.10333333333333333,0.050045056036737555,0.1286442469425867,299.2917865529388,44.18650632891077,2.1467393305115596
flash_crowd,best_fit,time-driven,1,300,300,0.0,0.0,173.6034406289138,1752.0426422215298,0.10333333333333333,0.05030181288228591,0.1286442469425867,299.2917865529388,44.18650632891077,2.1467393305115596
flash_crowd,best_fit,time-driven,2,300,300,0.0,0.0,173.6034406289138,1752.0426422215298,0.10333333333333333,0.05030181288228591,0.1286442469425867,299.2917865529388,44.18650632891077,2.1467393305115596
flash_crowd,best_fit,time-driven,3,300,300,0.0,0.0,173.6034406289138,1752.0426422215298,0.10333333333333333,0.05030181288228591,0.1286442469425867,299.2917865529388,44.18650632891077,2.1467393305115596
flash_crowd,worst_fit,time-driven,1,300,300,0.0,0.0,337.29238023926325,1812.3989541620379,0.12333333333333334,0.06210408965937855,0.12864424694258672,299.2917865529388,44.18650632891078,2.1467393305115596
flash_crowd,worst_fit,time-driven,2,300,300,0.0,0.0,337.29238023926325,1812.3989541620379,0.12333333333333334,0.06210408965937855,0.12864424694258672,299.2917865529388,44.18650632891078,2.1467393305115596
flash_crowd,worst_fit,time-driven,3,300,300,0.0,0.0,337.29238023926325,1812.3989541620379,0.12333333333333334,0.06210408965937855,0.12864424694258672,299.2917865529388,44.18650632891078,2.1467393305115596
flash_crowd,round_robin,time-driven,1,300,300,0.0,0.0,249.48155286724756,1928.6647031255754,0.12,0.05840323125724234,0.1286442469425867,299.2917865529388,44.186506328910774,2.1467393305115596
flash_crowd,round_robin,time-driven,2,300,300,0.0,0.0,249.48155286724756,1928.6647031255754,0.12,0.05840323125724234,0.1286442469425867,299.2917865529388,44.186506328910774,2.1467393305115596
flash_crowd,round_robin,time-driven,3,300,300,0.0,0.0,249.48155286724756,1928.6647031255754,0.12,0.05840323125724234,0.1286442469425867,299.2917865529388,44.186506328910774,2.1467393305115596
flash_crowd,gpu_packing,time-driven,1,300,300,0.0,0.0,169.66553607214394,1752.0426422215298,0.10333333333333333,0.0505637614772793,0.1286442469425867,299.2917865529388,44.18650632891077,2.1467393305115596
flash_crowd,gpu_packing,time-driven,2,300,300,0.0,0.0,169.66553607214394,1752.0426422215298,0.10333333333333333,0.0505637614772793,0.1286442469425867,299.2917865529388,44.18650632891077,2.1467393305115596
flash_crowd,gpu_packing,time-driven,3,300,300,0.0,0.0,169.66553607214394,1752.0426422215298,0.10333333333333333,0.0505637614772793,0.1286442469425867,299.2917865529388,44.18650632891077,2.1467393305115596
flash_crowd,least_requested,time-driven,1,300,300,0.0,0.0,283.6954285214889,1928.6647031255754,0.12333333333333334,0.05577330504347653,0.12864424694258672,299.2917865529388,44.18650632891078,2.1467393305115596
flash_crowd,least_requested,time-driven,2,300,300,0.0,0.0,283.6954285214889,1928.6647031255754,0.12333333333333334,0.05577330504347653,0.12864424694258672,299.2917865529388,44.18650632891078,2.1467393305115596
flash_crowd,least_requested,time-driven,3,300,300,0.0,0.0,283.6954285214889,1928.6647031255754,0.12333333333333334,0.05577330504347653,0.12864424694258672,299.2917865529388,44.18650632891078,2.1467393305115596
flash_crowd,fgd,time-driven,1,300,300,0.0,0.0,318.4188446721333,1751.1547375428393,0.10333333333333333,0.06779634759557916,0.1286442469425867,299.2917865529388,44.186506328910774,2.1467393305115596
flash_crowd,fgd,time-driven,2,300,300,0.0,0.0,318.4188446721333,1751.1547375428393,0.10333333333333333,0.06779634759557916,0.1286442469425867,299.2917865529388,44.186506328910774,2.1467393305115596
flash_crowd,fgd,time-driven,3,300,300,0.0,0.0,318.4188446721333,1751.1547375428393,0.10333333333333333,0.06779634759557916,0.1286442469425867,299.2917865529388,44.186506328910774,2.1467393305115596
flash_crowd,w_fgd,time-driven,1,300,300,0.0,0.0,169.66553607214394,1752.0426422215298,0.1,0.05045307379076131,0.1286442469425867,299.2917865529388,44.18650632891077,2.1467393305115596
flash_crowd,w_fgd,time-driven,2,300,300,0.0,0.0,169.66553607214394,1752.0426422215298,0.1,0.05045307379076131,0.1286442469425867,299.2917865529388,44.18650632891077,2.1467393305115596
flash_crowd,w_fgd,time-driven,3,300,300,0.0,0.0,169.66553607214394,1752.0426422215298,0.1,0.05045307379076131,0.1286442469425867,299.2917865529388,44.18650632891077,2.1467393305115596
flash_crowd,w_fgd_balanced,time-driven,1,300,300,0.0,0.0,337.29238023926325,1516.4968891363662,0.12333333333333334,0.07046314115787532,0.1286442469425867,299.2917865529388,44.186506328910774,2.1467393305115596
flash_crowd,w_fgd_balanced,time-driven,2,300,300,0.0,0.0,337.29238023926325,1516.4968891363662,0.12333333333333334,0.07046314115787532,0.1286442469425867,299.2917865529388,44.186506328910774,2.1467393305115596
flash_crowd,w_fgd_balanced,time-driven,3,300,300,0.0,0.0,337.29238023926325,1516.4968891363662,0.12333333333333334,0.07046314115787532,0.1286442469425867,299.2917865529388,44.186506328910774,2.1467393305115596
gpu_fragmentation_sharing,random,time-driven,1,300,300,0.0,0.0,25.55247128328415,229.65411903355397,0.013333333333333334,0.04292450885551475,0.08862152853658299,300.87416226018354,29.25670178915528,2.0633179003083675
gpu_fragmentation_sharing,random,time-driven,2,300,300,0.0,0.0,25.55247128328415,298.83446497288674,0.013333333333333334,0.04160584065327109,0.08862152853658299,300.87416226018354,29.25670178915528,2.0633179003083675
gpu_fragmentation_sharing,random,time-driven,3,300,300,0.0,0.0,25.55247128328415,280.2625164469343,0.013333333333333334,0.04072043753086074,0.08862152853658299,300.87416226018354,29.25670178915528,2.0633179003083675
gpu_fragmentation_sharing,first_fit,time-driven,1,300,300,0.0,0.0,25.55247128328415,238.86696730049317,0.013333333333333334,0.0417198390073235,0.08862152853658299,300.87416226018354,29.25670178915528,2.0633179003083675
gpu_fragmentation_sharing,first_fit,time-driven,2,300,300,0.0,0.0,25.55247128328415,238.86696730049317,0.013333333333333334,0.0417198390073235,0.08862152853658299,300.87416226018354,29.25670178915528,2.0633179003083675
gpu_fragmentation_sharing,first_fit,time-driven,3,300,300,0.0,0.0,25.55247128328415,238.86696730049317,0.013333333333333334,0.0417198390073235,0.08862152853658299,300.87416226018354,29.25670178915528,2.0633179003083675
gpu_fragmentation_sharing,best_fit,time-driven,1,300,300,0.0,0.0,28.66707913337413,238.86696730049317,0.016666666666666666,0.0469117937233362,0.08862152853658299,300.87416226018354,29.25670178915528,2.0633179003083675
gpu_fragmentation_sharing,best_fit,time-driven,2,300,300,0.0,0.0,28.66707913337413,238.86696730049317,0.016666666666666666,0.0469117937233362,0.08862152853658299,300.87416226018354,29.25670178915528,2.0633179003083675
gpu_fragmentation_sharing,best_fit,time-driven,3,300,300,0.0,0.0,28.66707913337413,238.86696730049317,0.016666666666666666,0.0469117937233362,0.08862152853658299,300.87416226018354,29.25670178915528,2.0633179003083675
gpu_fragmentation_sharing,worst_fit,time-driven,1,300,300,0.0,0.0,25.55247128328415,238.86696730049317,0.013333333333333334,0.04291831892170792,0.08862152853658299,300.87416226018354,29.25670178915528,2.0633179003083675
gpu_fragmentation_sharing,worst_fit,time-driven,2,300,300,0.0,0.0,25.55247128328415,238.86696730049317,0.013333333333333334,0.04291831892170792,0.08862152853658299,300.87416226018354,29.25670178915528,2.0633179003083675
gpu_fragmentation_sharing,worst_fit,time-driven,3,300,300,0.0,0.0,25.55247128328415,238.86696730049317,0.013333333333333334,0.04291831892170792,0.08862152853658299,300.87416226018354,29.25670178915528,2.0633179003083675
gpu_fragmentation_sharing,round_robin,time-driven,1,300,300,0.0,0.0,25.55247128328415,238.86696730049317,0.013333333333333334,0.041001807101823044,0.08862152853658299,300.87416226018354,29.25670178915528,2.0633179003083675
gpu_fragmentation_sharing,round_robin,time-driven,2,300,300,0.0,0.0,25.55247128328415,238.86696730049317,0.013333333333333334,0.041001807101823044,0.08862152853658299,300.87416226018354,29.25670178915528,2.0633179003083675
gpu_fragmentation_sharing,round_robin,time-driven,3,300,300,0.0,0.0,25.55247128328415,238.86696730049317,0.013333333333333334,0.041001807101823044,0.08862152853658299,300.87416226018354,29.25670178915528,2.0633179003083675
gpu_fragmentation_sharing,gpu_packing,time-driven,1,300,300,0.0,0.0,25.55247128328415,238.86696730049317,0.016666666666666666,0.044841363618833584,0.08862152853658299,300.87416226018354,29.25670178915528,2.0633179003083675
gpu_fragmentation_sharing,gpu_packing,time-driven,2,300,300,0.0,0.0,25.55247128328415,238.86696730049317,0.016666666666666666,0.044841363618833584,0.08862152853658299,300.87416226018354,29.25670178915528,2.0633179003083675
gpu_fragmentation_sharing,gpu_packing,time-driven,3,300,300,0.0,0.0,25.55247128328415,238.86696730049317,0.016666666666666666,0.044841363618833584,0.08862152853658299,300.87416226018354,29.25670178915528,2.0633179003083675
gpu_fragmentation_sharing,least_requested,time-driven,1,300,300,0.0,0.0,25.55247128328415,238.86696730049317,0.013333333333333334,0.04184993739020804,0.08862152853658299,300.87416226018354,29.25670178915528,2.0633179003083675
gpu_fragmentation_sharing,least_requested,time-driven,2,300,300,0.0,0.0,25.55247128328415,238.86696730049317,0.013333333333333334,0.04184993739020804,0.08862152853658299,300.87416226018354,29.25670178915528,2.0633179003083675
gpu_fragmentation_sharing,least_requested,time-driven,3,300,300,0.0,0.0,25.55247128328415,238.86696730049317,0.013333333333333334,0.04184993739020804,0.08862152853658299,300.87416226018354,29.25670178915528,2.0633179003083675
gpu_fragmentation_sharing,fgd,time-driven,1,300,300,0.0,0.0,25.55247128328415,238.86696730049317,0.013333333333333334,0.04184993739020804,0.08862152853658299,300.87416226018354,29.25670178915528,2.0633179003083675
gpu_fragmentation_sharing,fgd,time-driven,2,300,300,0.0,0.0,25.55247128328415,238.86696730049317,0.013333333333333334,0.04184993739020804,0.08862152853658299,300.87416226018354,29.25670178915528,2.0633179003083675
gpu_fragmentation_sharing,fgd,time-driven,3,300,300,0.0,0.0,25.55247128328415,238.86696730049317,0.013333333333333334,0.04184993739020804,0.08862152853658299,300.87416226018354,29.25670178915528,2.0633179003083675
gpu_fragmentation_sharing,w_fgd,time-driven,1,300,300,0.0,0.0,25.55247128328415,238.86696730049317,0.013333333333333334,0.04118386904230296,0.08862152853658299,300.87416226018354,29.25670178915528,2.0633179003083675
gpu_fragmentation_sharing,w_fgd,time-driven,2,300,300,0.0,0.0,25.55247128328415,238.86696730049317,0.013333333333333334,0.04118386904230296,0.08862152853658299,300.87416226018354,29.25670178915528,2.0633179003083675
gpu_fragmentation_sharing,w_fgd,time-driven,3,300,300,0.0,0.0,25.55247128328415,238.86696730049317,0.013333333333333334,0.04118386904230296,0.08862152853658299,300.87416226018354,29.25670178915528,2.0633179003083675
gpu_fragmentation_sharing,w_fgd_balanced,time-driven,1,300,300,0.0,0.0,25.55247128328415,324.19577079480007,0.013333333333333334,0.0347040603161064,0.08862152853658299,300.87416226018354,29.25670178915528,2.0633179003083675
gpu_fragmentation_sharing,w_fgd_balanced,time-driven,2,300,300,0.0,0.0,25.55247128328415,324.19577079480007,0.013333333333333334,0.0347040603161064,0.08862152853658299,300.87416226018354,29.25670178915528,2.0633179003083675
gpu_fragmentation_sharing,w_fgd_balanced,time-driven,3,300,300,0.0,0.0,25.55247128328415,324.19577079480007,0.013333333333333334,0.0347040603161064,0.08862152853658299,300.87416226018354,29.25670178915528,2.0633179003083675
heavy_tail_demand,random,time-driven,1,300,300,0.0,0.0,332.06185766343555,852.6661986409161,0.09666666666666666,0.11495692032505593,0.17519936815431816,274.5280232683667,58.31365103303008,2.0802604643837297
heavy_tail_demand,random,time-driven,2,300,300,0.0,0.0,330.26953631776223,813.6806462731979,0.09,0.11717218718502281,0.17519936815431816,274.5280232683667,58.31365103303008,2.0802604643837297
heavy_tail_demand,random,time-driven,3,300,300,0.0,0.0,330.26953631776223,881.5239707274615,0.09333333333333334,0.11401065816595825,0.17519936815431816,274.5280232683667,58.31365103303008,2.0802604643837297
heavy_tail_demand,first_fit,time-driven,1,300,300,0.0,0.0,325.4689559867381,982.4294025528823,0.09666666666666666,0.11443216984822703,0.17519936815431816,274.5280232683667,58.31365103303008,2.0802604643837297
heavy_tail_demand,first_fit,time-driven,2,300,300,0.0,0.0,325.4689559867381,982.4294025528823,0.09666666666666666,0.11443216984822703,0.17519936815431816,274.5280232683667,58.31365103303008,2.0802604643837297
heavy_tail_demand,first_fit,time-driven,3,300,300,0.0,0.0,325.4689559867381,982.4294025528823,0.09666666666666666,0.11443216984822703,0.17519936815431816,274.5280232683667,58.31365103303008,2.0802604643837297
heavy_tail_demand,best_fit,time-driven,1,300,300,0.0,0.0,325.4689559867381,1044.649504823861,0.09,0.1022255557095403,0.17519936815431816,274.5280232683667,58.31365103303008,2.0802604643837297
heavy_tail_demand,best_fit,time-driven,2,300,300,0.0,0.0,325.4689559867381,1044.649504823861,0.09,0.1022255557095403,0.17519936815431816,274.5280232683667,58.31365103303008,2.0802604643837297
heavy_tail_demand,best_fit,time-driven,3,300,300,0.0,0.0,325.4689559867381,1044.649504823861,0.09,0.1022255557095403,0.17519936815431816,274.5280232683667,58.31365103303008,2.0802604643837297
heavy_tail_demand,worst_fit,time-driven,1,300,300,0.0,0.0,303.6495725209842,836.7443201613605,0.10333333333333333,0.11448478664114696,0.17519936815431816,274.5280232683667,58.31365103303008,2.0802604643837297
heavy_tail_demand,worst_fit,time-driven,2,300,300,0.0,0.0,303.6495725209842,836.7443201613605,0.10333333333333333,0.11448478664114696,0.17519936815431816,274.5280232683667,58.31365103303008,2.0802604643837297
heavy_tail_demand,worst_fit,time-driven,3,300,300,0.0,0.0,303.6495725209842,836.7443201613605,0.10333333333333333,0.11448478664114696,0.17519936815431816,274.5280232683667,58.31365103303008,2.0802604643837297
heavy_tail_demand,round_robin,time-driven,1,300,300,0.0,0.0,332.06185766343555,881.5239707274615,0.09666666666666666,0.11378788141861775,0.17519936815431816,274.5280232683667,58.31365103303008,2.0802604643837297
heavy_tail_demand,round_robin,time-driven,2,300,300,0.0,0.0,332.06185766343555,881.5239707274615,0.09666666666666666,0.11378788141861775,0.17519936815431816,274.5280232683667,58.31365103303008,2.0802604643837297
heavy_tail_demand,round_robin,time-driven,3,300,300,0.0,0.0,332.06185766343555,881.5239707274615,0.09666666666666666,0.11378788141861775,0.17519936815431816,274.5280232683667,58.31365103303008,2.0802604643837297
heavy_tail_demand,gpu_packing,time-driven,1,300,300,0.0,0.0,325.4689559867381,1044.649504823861,0.09,0.10217015560202088,0.17519936815431816,274.5280232683667,58.31365103303008,2.0802604643837297
heavy_tail_demand,gpu_packing,time-driven,2,300,300,0.0,0.0,325.4689559867381,1044.649504823861,0.09,0.10217015560202088,0.17519936815431816,274.5280232683667,58.31365103303008,2.0802604643837297
heavy_tail_demand,gpu_packing,time-driven,3,300,300,0.0,0.0,325.4689559867381,1044.649504823861,0.09,0.10217015560202088,0.17519936815431816,274.5280232683667,58.31365103303008,2.0802604643837297
heavy_tail_demand,least_requested,time-driven,1,300,300,0.0,0.0,356.159506203125,1064.6433846549376,0.08333333333333333,0.08278529836200868,0.17519936815431816,274.5280232683667,58.31365103303008,2.0802604643837297
heavy_tail_demand,least_requested,time-driven,2,300,300,0.0,0.0,356.159506203125,1064.6433846549376,0.08333333333333333,0.08278529836200868,0.17519936815431816,274.5280232683667,58.31365103303008,2.0802604643837297
heavy_tail_demand,least_requested,time-driven,3,300,300,0.0,0.0,356.159506203125,1064.6433846549376,0.08333333333333333,0.08278529836200868,0.17519936815431816,274.5280232683667,58.31365103303008,2.0802604643837297
heavy_tail_demand,fgd,time-driven,1,300,300,0.0,0.0,373.3131623258745,850.9164099744746,0.10333333333333333,0.11738837059539477,0.17519936815431816,274.5280232683667,58.31365103303008,2.0802604643837297
heavy_tail_demand,fgd,time-driven,2,300,300,0.0,0.0,373.3131623258745,850.9164099744746,0.10333333333333333,0.11738837059539477,0.17519936815431816,274.5280232683667,58.31365103303008,2.0802604643837297
heavy_tail_demand,fgd,time-driven,3,300,300,0.0,0.0,373.3131623258745,850.9164099744746,0.10333333333333333,0.11738837059539477,0.17519936815431816,274.5280232683667,58.31365103303008,2.0802604643837297
heavy_tail_demand,w_fgd,time-driven,1,300,300,0.0,0.0,360.1768185484228,904.5876446156241,0.09333333333333334,0.11317772534929782,0.17519936815431816,274.5280232683667,58.31365103303008,2.0802604643837297
heavy_tail_demand,w_fgd,time-driven,2,300,300,0.0,0.0,360.1768185484228,904.5876446156241,0.09333333333333334,0.11317772534929782,0.17519936815431816,274.5280232683667,58.31365103303008,2.0802604643837297
heavy_tail_demand,w_fgd,time-driven,3,300,300,0.0,0.0,360.1768185484228,904.5876446156241,0.09333333333333334,0.11317772534929782,0.17519936815431816,274.5280232683667,58.31365103303008,2.0802604643837297
heavy_tail_demand,w_fgd_balanced,time-driven,1,300,300,0.0,0.0,360.1768185484228,1040.7328909876162,0.06666666666666667,0.08034836404742259,0.17519936815431816,274.5280232683667,58.31365103303008,2.0802604643837297
heavy_tail_demand,w_fgd_balanced,time-driven,2,300,300,0.0,0.0,360.1768185484228,1040.7328909876162,0.06666666666666667,0.08034836404742259,0.17519936815431816,274.5280232683667,58.31365103303008,2.0802604643837297
heavy_tail_demand,w_fgd_balanced,time-driven,3,300,300,0.0,0.0,360.1768185484228,1040.7328909876162,0.06666666666666667,0.08034836404742259,0.17519936815431816,274.5280232683667,58.31365103303008,2.0802604643837297
high_contention,random,time-driven,1,300,291,0.03,0.0,220.30560148688406,661.2305134542063,0.20962199312714777,0.1683745644917767,0.17022430412516412,277.6459309873245,56.95766413798375,2.0912724695331764
high_contention,random,time-driven,2,300,291,0.03,0.0,271.1724805033717,549.7404822714628,0.24054982817869416,0.23067684413676673,0.168469152143092,281.13191139217525,56.95766413798375,2.113059847063494
high_contention,random,time-driven,3,300,291,0.03,0.0,245.7091013028625,695.161984208626,0.2268041237113402,0.1827623564940654,0.16919444554185736,279.6826076840181,56.95766413798375,2.104001698887511
high_contention,first_fit,time-driven,1,300,291,0.03,0.0,271.1724805033717,659.7994328365436,0.23711340206185566,0.21912061701715468,0.168469152143092,281.13191139217525,56.95766413798375,2.113059847063494
high_contention,first_fit,time-driven,2,300,291,0.03,0.0,271.1724805033717,659.7994328365436,0.23711340206185566,0.21912061701715468,0.168469152143092,281.13191139217525,56.95766413798375,2.113059847063494
high_contention,first_fit,time-driven,3,300,291,0.03,0.0,271.1724805033717,659.7994328365436,0.23711340206185566,0.21912061701715468,0.168469152143092,281.13191139217525,56.95766413798375,2.113059847063494
high_contention,best_fit,time-driven,1,300,291,0.03,0.0,271.1724805033717,707.3510064389551,0.23711340206185566,0.2119994347389114,0.168469152143092,281.13191139217525,56.95766413798375,2.113059847063494
high_contention,best_fit,time-driven,2,300,291,0.03,0.0,271.1724805033717,707.3510064389551,0.23711340206185566,0.2119994347389114,0.168469152143092,281.13191139217525,56.95766413798375,2.113059847063494
high_contention,best_fit,time-driven,3,300,291,0.03,0.0,271.1724805033717,707.3510064389551,0.23711340206185566,0.2119994347389114,0.168469152143092,281.13191139217525,56.95766413798375,2.113059847063494
high_contention,worst_fit,time-driven,1,300,291,0.03,0.0,244.39378807706,640.8065519277336,0.19931271477663232,0.15975584853582714,0.17116390702390402,275.80912722784603,56.95766413798375,2.079792446036436
high_contention,worst_fit,time-driven,2,300,291,0.03,0.0,244.39378807706,640.8065519277336,0.19931271477663232,0.15975584853582714,0.17116390702390402,275.80912722784603,56.95766413798375,2.079792446036436
high_contention,worst_fit,time-driven,3,300,291,0.03,0.0,244.39378807706,640.8065519277336,0.19931271477663232,0.15975584853582714,0.17116390702390402,275.80912722784603,56.95766413798375,2.079792446036436
high_contention,round_robin,time-driven,1,300,291,0.03,0.0,220.30560148688406,687.1813928815549,0.20962199312714777,0.1650725804078405,0.17022430412516412,277.6459309873245,56.95766413798375,2.0912724695331764
high_contention,round_robin,time-driven,2,300,291,0.03,0.0,220.30560148688406,687.1813928815549,0.20962199312714777,0.1650725804078405,0.17022430412516412,277.6459309873245,56.95766413798375,2.0912724695331764
high_contention,round_robin,time-driven,3,300,291,0.03,0.0,220.30560148688406,687.1813928815549,0.20962199312714777,0.1650725804078405,0.17022430412516412,277.6459309873245,56.95766413798375,2.0912724695331764
high_contention,gpu_packing,time-driven,1,300,291,0.03,0.0,271.1724805033717,659.7994328365436,0.23711340206185566,0.21666098735645364,0.168469152143092,281.13191139217525,56.95766413798375,2.113059847063494
high_contention,gpu_packing,time-driven,2,300,291,0.03,0.0,271.1724805033717,659.7994328365436,0.23711340206185566,0.21666098735645364,0.168469152143092,281.13191139217525,56.95766413798375,2.113059847063494
high_contention,gpu_packing,time-driven,3,300,291,0.03,0.0,271.1724805033717,659.7994328365436,0.23711340206185566,0.21666098735645364,0.168469152143092,281.13191139217525,56.95766413798375,2.113059847063494
high_contention,least_requested,time-driven,1,300,291,0.03,0.0,288.6824090894992,627.4778315126631,0.19931271477663232,0.16296322540855185,0.17116390702390402,275.80912722784603,56.95766413798375,2.079792446036436
high_contention,least_requested,time-driven,2,300,291,0.03,0.0,288.6824090894992,627.4778315126631,0.19931271477663232,0.16296322540855185,0.17116390702390402,275.80912722784603,56.95766413798375,2.079792446036436
high_contention,least_requested,time-driven,3,300,291,0.03,0.0,288.6824090894992,627.4778315126631,0.19931271477663232,0.16296322540855185,0.17116390702390402,275.80912722784603,56.95766413798375,2.079792446036436
high_contention,fgd,time-driven,1,300,291,0.03,0.0,245.7091013028625,665.4565255640431,0.22336769759450173,0.18578973473905544,0.16919444554185736,279.6826076840181,56.95766413798375,2.104001698887511
high_contention,fgd,time-driven,2,300,291,0.03,0.0,245.7091013028625,665.4565255640431,0.22336769759450173,0.18578973473905544,0.16919444554185736,279.6826076840181,56.95766413798375,2.104001698887511
high_contention,fgd,time-driven,3,300,291,0.03,0.0,245.7091013028625,665.4565255640431,0.22336769759450173,0.18578973473905544,0.16919444554185736,279.6826076840181,56.95766413798375,2.104001698887511
high_contention,w_fgd,time-driven,1,300,291,0.03,0.0,245.7091013028625,665.4565255640431,0.22336769759450173,0.18596231426425963,0.16919444554185736,279.6826076840181,56.95766413798375,2.104001698887511
high_contention,w_fgd,time-driven,2,300,291,0.03,0.0,245.7091013028625,665.4565255640431,0.22336769759450173,0.18596231426425963,0.16919444554185736,279.6826076840181,56.95766413798375,2.104001698887511
high_contention,w_fgd,time-driven,3,300,291,0.03,0.0,245.7091013028625,665.4565255640431,0.22336769759450173,0.18596231426425963,0.16919444554185736,279.6826076840181,56.95766413798375,2.104001698887511
high_contention,w_fgd_balanced,time-driven,1,300,291,0.03,0.0,295.4733483373269,667.8030437887626,0.19931271477663232,0.1574495535157913,0.17116390702390402,275.80912722784603,56.95766413798375,2.079792446036436
high_contention,w_fgd_balanced,time-driven,2,300,291,0.03,0.0,295.4733483373269,667.8030437887626,0.19931271477663232,0.1574495535157913,0.17116390702390402,275.80912722784603,56.95766413798375,2.079792446036436
high_contention,w_fgd_balanced,time-driven,3,300,291,0.03,0.0,295.4733483373269,667.8030437887626,0.19931271477663232,0.1574495535157913,0.17116390702390402,275.80912722784603,56.95766413798375,2.079792446036436
llm_inference_bursty,random,time-driven,1,300,300,0.0,0.0,0.0,0.0,0.0,1.0,0.06489155043088174,1.4106202277217046,0.0978895375057339,0.00942818603267149
llm_inference_bursty,random,time-driven,2,300,300,0.0,0.0,0.0,0.0,0.0,1.0,0.06489155043088174,1.4106202277217046,0.0978895375057339,0.00942818603267149
llm_inference_bursty,random,time-driven,3,300,300,0.0,0.0,0.0,0.0,0.0,1.0,0.06489155043088174,1.4106202277217046,0.0978895375057339,0.00942818603267149
llm_inference_bursty,first_fit,time-driven,1,300,300,0.0,0.0,0.0,0.0,0.0,1.0,0.06489155043088174,1.4106202277217046,0.0978895375057339,0.00942818603267149
llm_inference_bursty,first_fit,time-driven,2,300,300,0.0,0.0,0.0,0.0,0.0,1.0,0.06489155043088174,1.4106202277217046,0.0978895375057339,0.00942818603267149
llm_inference_bursty,first_fit,time-driven,3,300,300,0.0,0.0,0.0,0.0,0.0,1.0,0.06489155043088174,1.4106202277217046,0.0978895375057339,0.00942818603267149
llm_inference_bursty,best_fit,time-driven,1,300,300,0.0,0.0,0.0,0.0,0.0,1.0,0.06489155043088174,1.4106202277217046,0.0978895375057339,0.00942818603267149
llm_inference_bursty,best_fit,time-driven,2,300,300,0.0,0.0,0.0,0.0,0.0,1.0,0.06489155043088174,1.4106202277217046,0.0978895375057339,0.00942818603267149
llm_inference_bursty,best_fit,time-driven,3,300,300,0.0,0.0,0.0,0.0,0.0,1.0,0.06489155043088174,1.4106202277217046,0.0978895375057339,0.00942818603267149
llm_inference_bursty,worst_fit,time-driven,1,300,300,0.0,0.0,0.0,0.0,0.0,1.0,0.06489155043088174,1.4106202277217046,0.0978895375057339,0.00942818603267149
llm_inference_bursty,worst_fit,time-driven,2,300,300,0.0,0.0,0.0,0.0,0.0,1.0,0.06489155043088174,1.4106202277217046,0.0978895375057339,0.00942818603267149
llm_inference_bursty,worst_fit,time-driven,3,300,300,0.0,0.0,0.0,0.0,0.0,1.0,0.06489155043088174,1.4106202277217046,0.0978895375057339,0.00942818603267149
llm_inference_bursty,round_robin,time-driven,1,300,300,0.0,0.0,0.0,0.0,0.0,1.0,0.06489155043088174,1.4106202277217046,0.0978895375057339,0.00942818603267149
llm_inference_bursty,round_robin,time-driven,2,300,300,0.0,0.0,0.0,0.0,0.0,1.0,0.06489155043088174,1.4106202277217046,0.0978895375057339,0.00942818603267149
llm_inference_bursty,round_robin,time-driven,3,300,300,0.0,0.0,0.0,0.0,0.0,1.0,0.06489155043088174,1.4106202277217046,0.0978895375057339,0.00942818603267149
llm_inference_bursty,gpu_packing,time-driven,1,300,300,0.0,0.0,0.0,0.0,0.0,1.0,0.06489155043088174,1.4106202277217046,0.0978895375057339,0.00942818603267149
llm_inference_bursty,gpu_packing,time-driven,2,300,300,0.0,0.0,0.0,0.0,0.0,1.0,0.06489155043088174,1.4106202277217046,0.0978895375057339,0.00942818603267149
llm_inference_bursty,gpu_packing,time-driven,3,300,300,0.0,0.0,0.0,0.0,0.0,1.0,0.06489155043088174,1.4106202277217046,0.0978895375057339,0.00942818603267149
llm_inference_bursty,least_requested,time-driven,1,300,300,0.0,0.0,0.0,0.0,0.0,1.0,0.06489155043088174,1.4106202277217046,0.0978895375057339,0.00942818603267149
llm_inference_bursty,least_requested,time-driven,2,300,300,0.0,0.0,0.0,0.0,0.0,1.0,0.06489155043088174,1.4106202277217046,0.0978895375057339,0.00942818603267149
llm_inference_bursty,least_requested,time-driven,3,300,300,0.0,0.0,0.0,0.0,0.0,1.0,0.06489155043088174,1.4106202277217046,0.0978895375057339,0.00942818603267149
llm_inference_bursty,fgd,time-driven,1,300,300,0.0,0.0,0.0,0.0,0.0,1.0,0.06489155043088174,1.4106202277217046,0.0978895375057339,0.00942818603267149
llm_inference_bursty,fgd,time-driven,2,300,300,0.0,0.0,0.0,0.0,0.0,1.0,0.06489155043088174,1.4106202277217046,0.0978895375057339,0.00942818603267149
llm_inference_bursty,fgd,time-driven,3,300,300,0.0,0.0,0.0,0.0,0.0,1.0,0.06489155043088174,1.4106202277217046,0.0978895375057339,0.00942818603267149
llm_inference_bursty,w_fgd,time-driven,1,300,300,0.0,0.0,0.0,0.0,0.0,1.0,0.06489155043088174,1.4106202277217046,0.0978895375057339,0.00942818603267149
llm_inference_bursty,w_fgd,time-driven,2,300,300,0.0,0.0,0.0,0.0,0.0,1.0,0.06489155043088174,1.4106202277217046,0.0978895375057339,0.00942818603267149
llm_inference_bursty,w_fgd,time-driven,3,300,300,0.0,0.0,0.0,0.0,0.0,1.0,0.06489155043088174,1.4106202277217046,0.0978895375057339,0.00942818603267149
llm_inference_bursty,w_fgd_balanced,time-driven,1,300,300,0.0,0.0,0.0,0.0,0.0,1.0,0.06489155043088174,1.4106202277217046,0.0978895375057339,0.00942818603267149
llm_inference_bursty,w_fgd_balanced,time-driven,2,300,300,0.0,0.0,0.0,0.0,0.0,1.0,0.06489155043088174,1.4106202277217046,0.0978895375057339,0.00942818603267149
llm_inference_bursty,w_fgd_balanced,time-driven,3,300,300,0.0,0.0,0.0,0.0,0.0,1.0,0.06489155043088174,1.4106202277217046,0.0978895375057339,0.00942818603267149
long_context_kv_pressure,random,time-driven,1,300,300,0.0,0.0,378.55948586641347,1566.211649308074,0.13666666666666666,0.0916399157515379,0.10377354193143344,789.9016129617055,91.46224976558011,5.508524142045535
long_context_kv_pressure,random,time-driven,2,300,300,0.0,0.0,433.9765697227356,1566.211649308074,0.13666666666666666,0.0926387492014759,0.10377354193143344,789.9016129617055,91.46224976558011,5.508524142045535
long_context_kv_pressure,random,time-driven,3,300,300,0.0,0.0,426.69250509437734,2632.3270280659376,0.14,0.07516853820356033,0.10377354193143344,789.9016129617055,91.46224976558011,5.508524142045535
long_context_kv_pressure,first_fit,time-driven,1,300,300,0.0,0.0,426.04796652455434,2091.5556488331054,0.13666666666666666,0.08506881688996772,0.10377354193143346,789.9016129617054,91.46224976558013,5.508524142045535
long_context_kv_pressure,first_fit,time-driven,2,300,300,0.0,0.0,426.04796652455434,2091.5556488331054,0.13666666666666666,0.08506881688996772,0.10377354193143346,789.9016129617054,91.46224976558013,5.508524142045535
long_context_kv_pressure,first_fit,time-driven,3,300,300,0.0,0.0,426.04796652455434,2091.5556488331054,0.13666666666666666,0.08506881688996772,0.10377354193143346,789.9016129617054,91.46224976558013,5.508524142045535
long_context_kv_pressure,best_fit,time-driven,1,300,300,0.0,0.0,426.04796652455434,1667.9088976697753,0.13666666666666666,0.08918736291906598,0.10377354193143346,789.9016129617054,91.46224976558013,5.508524142045535
long_context_kv_pressure,best_fit,time-driven,2,300,300,0.0,0.0,426.04796652455434,1667.9088976697753,0.13666666666666666,0.08918736291906598,0.10377354193143346,789.9016129617054,91.46224976558013,5.508524142045535
long_context_kv_pressure,best_fit,time-driven,3,300,300,0.0,0.0,426.04796652455434,1667.9088976697753,0.13666666666666666,0.08918736291906598,0.10377354193143346,789.9016129617054,91.46224976558013,5.508524142045535
long_context_kv_pressure,worst_fit,time-driven,1,300,300,0.0,0.0,356.75325295426705,1498.3683248538102,0.14,0.10483338053246748,0.10377354193143344,789.9016129617055,91.46224976558011,5.508524142045535
long_context_kv_pressure,worst_fit,time-driven,2,300,300,0.0,0.0,356.75325295426705,1498.3683248538102,0.14,0.10483338053246748,0.10377354193143344,789.9016129617055,91.46224976558011,5.508524142045535
long_context_kv_pressure,worst_fit,time-driven,3,300,300,0.0,0.0,356.75325295426705,1498.3683248538102,0.14,0.10483338053246748,0.10377354193143344,789.9016129617055,91.46224976558011,5.508524142045535
long_context_kv_pressure,round_robin,time-driven,1,300,300,0.0,0.0,421.34790980913846,2528.6915192778597,0.13666666666666666,0.07387892233596507,0.10377354193143344,789.9016129617055,91.46224976558011,5.508524142045535
long_context_kv_pressure,round_robin,time-driven,2,300,300,0.0,0.0,421.34790980913846,2528.6915192778597,0.13666666666666666,0.07387892233596507,0.10377354193143344,789.9016129617055,91.46224976558011,5.508524142045535
long_context_kv_pressure,round_robin,time-driven,3,300,300,0.0,0.0,421.34790980913846,2528.6915192778597,0.13666666666666666,0.07387892233596507,0.10377354193143344,789.9016129617055,91.46224976558011,5.508524142045535
long_context_kv_pressure,gpu_packing,time-driven,1,300,300,0.0,0.0,426.04796652455434,1544.4736487301832,0.13666666666666666,0.09261265330999786,0.10377354193143344,789.9016129617055,91.46224976558011,5.508524142045535
long_context_kv_pressure,gpu_packing,time-driven,2,300,300,0.0,0.0,426.04796652455434,1544.4736487301832,0.13666666666666666,0.09261265330999786,0.10377354193143344,789.9016129617055,91.46224976558011,5.508524142045535
long_context_kv_pressure,gpu_packing,time-driven,3,300,300,0.0,0.0,426.04796652455434,1544.4736487301832,0.13666666666666666,0.09261265330999786,0.10377354193143344,789.9016129617055,91.46224976558011,5.508524142045535
long_context_kv_pressure,least_requested,time-driven,1,300,300,0.0,0.0,559.2572976178586,1891.1862403275372,0.09666666666666666,0.07616456814118602,0.10377354193143344,789.9016129617055,91.46224976558011,5.508524142045535
long_context_kv_pressure,least_requested,time-driven,2,300,300,0.0,0.0,559.2572976178586,1891.1862403275372,0.09666666666666666,0.07616456814118602,0.10377354193143344,789.9016129617055,91.46224976558011,5.508524142045535
long_context_kv_pressure,least_requested,time-driven,3,300,300,0.0,0.0,559.2572976178586,1891.1862403275372,0.09666666666666666,0.07616456814118602,0.10377354193143344,789.9016129617055,91.46224976558011,5.508524142045535
long_context_kv_pressure,fgd,time-driven,1,300,300,0.0,0.0,433.9765697227356,1894.9717348464187,0.13666666666666666,0.09337972137887599,0.10377354193143344,789.9016129617055,91.46224976558011,5.508524142045535
long_context_kv_pressure,fgd,time-driven,2,300,300,0.0,0.0,433.9765697227356,1894.9717348464187,0.13666666666666666,0.09337972137887599,0.10377354193143344,789.9016129617055,91.46224976558011,5.508524142045535
long_context_kv_pressure,fgd,time-driven,3,300,300,0.0,0.0,433.9765697227356,1894.9717348464187,0.13666666666666666,0.09337972137887599,0.10377354193143344,789.9016129617055,91.46224976558011,5.508524142045535
long_context_kv_pressure,w_fgd,time-driven,1,300,300,0.0,0.0,426.04796652455434,1894.9717348464187,0.13666666666666666,0.08261199595469207,0.10377354193143344,789.9016129617055,91.46224976558011,5.508524142045535
long_context_kv_pressure,w_fgd,time-driven,2,300,300,0.0,0.0,426.04796652455434,1894.9717348464187,0.13666666666666666,0.08261199595469207,0.10377354193143344,789.9016129617055,91.46224976558011,5.508524142045535
long_context_kv_pressure,w_fgd,time-driven,3,300,300,0.0,0.0,426.04796652455434,1894.9717348464187,0.13666666666666666,0.08261199595469207,0.10377354193143344,789.9016129617055,91.46224976558011,5.508524142045535
long_context_kv_pressure,w_fgd_balanced,time-driven,1,300,300,0.0,0.0,568.0695360434281,2641.0205866604133,0.09666666666666666,0.07917515453419698,0.10377354193143344,789.9016129617055,91.46224976558011,5.508524142045535
long_context_kv_pressure,w_fgd_balanced,time-driven,2,300,300,0.0,0.0,568.0695360434281,2641.0205866604133,0.09666666666666666,0.07917515453419698,0.10377354193143344,789.9016129617055,91.46224976558011,5.508524142045535
long_context_kv_pressure,w_fgd_balanced,time-driven,3,300,300,0.0,0.0,568.0695360434281,2641.0205866604133,0.09666666666666666,0.07917515453419698,0.10377354193143344,789.9016129617055,91.46224976558011,5.508524142045535
moe_expert_load_skew,random,time-driven,1,300,300,0.0,0.0,424.8045481799289,941.3004988338262,0.23,0.41665536953337734,0.17736619157645928,270.4618078902797,58.31365103303008,2.054846618270686
moe_expert_load_skew,random,time-driven,2,300,300,0.0,0.0,434.4987674614735,1192.84987066788,0.23,0.3406993896549576,0.17736619157645928,270.4618078902797,58.31365103303008,2.054846618270686
moe_expert_load_skew,random,time-driven,3,300,300,0.0,0.0,419.3766117443117,1140.6538198279056,0.23,0.38777382580161684,0.17736619157645928,270.4618078902797,58.31365103303008,2.054846618270686
moe_expert_load_skew,first_fit,time-driven,1,300,300,0.0,0.0,286.6537203894741,936.5540184647368,0.24333333333333335,0.4058989848250785,0.17736619157645928,270.4618078902797,58.31365103303008,2.054846618270686
moe_expert_load_skew,first_fit,time-driven,2,300,300,0.0,0.0,286.6537203894741,936.5540184647368,0.24333333333333335,0.4058989848250785,0.17736619157645928,270.4618078902797,58.31365103303008,2.054846618270686
moe_expert_load_skew,first_fit,time-driven,3,300,300,0.0,0.0,286.6537203894741,936.5540184647368,0.24333333333333335,0.4058989848250785,0.17736619157645928,270.4618078902797,58.31365103303008,2.054846618270686
moe_expert_load_skew,best_fit,time-driven,1,300,300,0.0,0.0,448.1703603312405,939.9416541493779,0.23666666666666666,0.41603630551367926,0.17736619157645928,270.4618078902797,58.31365103303008,2.054846618270686
moe_expert_load_skew,best_fit,time-driven,2,300,300,0.0,0.0,448.1703603312405,939.9416541493779,0.23666666666666666,0.41603630551367926,0.17736619157645928,270.4618078902797,58.31365103303008,2.054846618270686
moe_expert_load_skew,best_fit,time-driven,3,300,300,0.0,0.0,448.1703603312405,939.9416541493779,0.23666666666666666,0.41603630551367926,0.17736619157645928,270.4618078902797,58.31365103303008,2.054846618270686
moe_expert_load_skew,worst_fit,time-driven,1,300,300,0.0,0.0,376.1858808150606,912.4427267472809,0.23,0.42518709994078624,0.17736619157645928,270.4618078902797,58.31365103303008,2.054846618270686
moe_expert_load_skew,worst_fit,time-driven,2,300,300,0.0,0.0,376.1858808150606,912.4427267472809,0.23,0.42518709994078624,0.17736619157645928,270.4618078902797,58.31365103303008,2.054846618270686
moe_expert_load_skew,worst_fit,time-driven,3,300,300,0.0,0.0,376.1858808150606,912.4427267472809,0.23,0.42518709994078624,0.17736619157645928,270.4618078902797,58.31365103303008,2.054846618270686
moe_expert_load_skew,round_robin,time-driven,1,300,300,0.0,0.0,429.6348785348127,1140.6538198279056,0.24666666666666667,0.44266012591733056,0.17736619157645928,270.4618078902797,58.31365103303008,2.054846618270686
moe_expert_load_skew,round_robin,time-driven,2,300,300,0.0,0.0,429.6348785348127,1140.6538198279056,0.24666666666666667,0.44266012591733056,0.17736619157645928,270.4618078902797,58.31365103303008,2.054846618270686
moe_expert_load_skew,round_robin,time-driven,3,300,300,0.0,0.0,429.6348785348127,1140.6538198279056,0.24666666666666667,0.44266012591733056,0.17736619157645928,270.4618078902797,58.31365103303008,2.054846618270686
moe_expert_load_skew,gpu_packing,time-driven,1,300,300,0.0,0.0,448.1703603312405,939.9416541493779,0.23666666666666666,0.4102800586090235,0.17736619157645928,270.4618078902797,58.31365103303008,2.054846618270686
moe_expert_load_skew,gpu_packing,time-driven,2,300,300,0.0,0.0,448.1703603312405,939.9416541493779,0.23666666666666666,0.4102800586090235,0.17736619157645928,270.4618078902797,58.31365103303008,2.054846618270686
moe_expert_load_skew,gpu_packing,time-driven,3,300,300,0.0,0.0,448.1703603312405,939.9416541493779,0.23666666666666666,0.4102800586090235,0.17736619157645928,270.4618078902797,58.31365103303008,2.054846618270686
moe_expert_load_skew,least_requested,time-driven,1,300,300,0.0,0.0,368.5273015287815,1082.3975644722057,0.16333333333333333,0.360987323420691,0.17736619157645928,270.4618078902797,58.31365103303008,2.054846618270686
moe_expert_load_skew,least_requested,time-driven,2,300,300,0.0,0.0,368.5273015287815,1082.3975644722057,0.16333333333333333,0.360987323420691,0.17736619157645928,270.4618078902797,58.31365103303008,2.054846618270686
moe_expert_load_skew,least_requested,time-driven,3,300,300,0.0,0.0,368.5273015287815,1082.3975644722057,0.16333333333333333,0.360987323420691,0.17736619157645928,270.4618078902797,58.31365103303008,2.054846618270686
moe_expert_load_skew,fgd,time-driven,1,300,300,0.0,0.0,424.8045481799289,941.3004988338262,0.22666666666666666,0.39782527473032353,0.17736619157645928,270.4618078902797,58.31365103303008,2.054846618270686
moe_expert_load_skew,fgd,time-driven,2,300,300,0.0,0.0,424.8045481799289,941.3004988338262,0.22666666666666666,0.39782527473032353,0.17736619157645928,270.4618078902797,58.31365103303008,2.054846618270686
moe_expert_load_skew,fgd,time-driven,3,300,300,0.0,0.0,424.8045481799289,941.3004988338262,0.22666666666666666,0.39782527473032353,0.17736619157645928,270.4618078902797,58.31365103303008,2.054846618270686
moe_expert_load_skew,w_fgd,time-driven,1,300,300,0.0,0.0,441.28970670930124,1140.6538198279056,0.23333333333333334,0.42477213028825034,0.17736619157645928,270.4618078902797,58.31365103303008,2.054846618270686
moe_expert_load_skew,w_fgd,time-driven,2,300,300,0.0,0.0,441.28970670930124,1140.6538198279056,0.23333333333333334,0.42477213028825034,0.17736619157645928,270.4618078902797,58.31365103303008,2.054846618270686
moe_expert_load_skew,w_fgd,time-driven,3,300,300,0.0,0.0,441.28970670930124,1140.6538198279056,0.23333333333333334,0.42477213028825034,0.17736619157645928,270.4618078902797,58.31365103303008,2.054846618270686
moe_expert_load_skew,w_fgd_balanced,time-driven,1,300,300,0.0,0.0,437.8594950693626,1140.6538198279056,0.16333333333333333,0.40125271403425344,0.17736619157645928,270.4618078902797,58.31365103303008,2.054846618270686
moe_expert_load_skew,w_fgd_balanced,time-driven,2,300,300,0.0,0.0,437.8594950693626,1140.6538198279056,0.16333333333333333,0.40125271403425344,0.17736619157645928,270.4618078902797,58.31365103303008,2.054846618270686
moe_expert_load_skew,w_fgd_balanced,time-driven,3,300,300,0.0,0.0,437.8594950693626,1140.6538198279056,0.16333333333333333,0.40125271403425344,0.17736619157645928,270.4618078902797,58.31365103303008,2.054846618270686
resource_starvation,random,time-driven,1,300,294,0.02,0.0,332.06185766343555,1135.9409330535182,0.09183673469387756,0.09089881315773825,0.17565547794899694,274.3762109206406,58.46546338075622,2.0802604643837297
resource_starvation,random,time-driven,2,300,294,0.02,0.0,331.2773919657211,1112.4928292781246,0.09523809523809523,0.10047653763200043,0.17565547794899694,274.3762109206406,58.46546338075622,2.0802604643837297
resource_starvation,random,time-driven,3,300,294,0.02,0.0,322.5046956290543,1112.4928292781246,0.09183673469387756,0.09829768940457673,0.17565547794899694,274.3762109206406,58.46546338075622,2.0802604643837297
resource_starvation,first_fit,time-driven,1,300,294,0.02,0.0,368.6277847434449,1112.4928292781246,0.09523809523809523,0.10422990061344066,0.17565547794899694,274.3762109206406,58.46546338075622,2.0802604643837297
resource_starvation,first_fit,time-driven,2,300,294,0.02,0.0,368.6277847434449,1112.4928292781246,0.09523809523809523,0.10422990061344066,0.17565547794899694,274.3762109206406,58.46546338075622,2.0802604643837297
resource_starvation,first_fit,time-driven,3,300,294,0.02,0.0,368.6277847434449,1112.4928292781246,0.09523809523809523,0.10422990061344066,0.17565547794899694,274.3762109206406,58.46546338075622,2.0802604643837297
resource_starvation,best_fit,time-driven,1,300,294,0.02,0.0,383.1313325384383,1112.4928292781246,0.09863945578231292,0.10536695807509905,0.17565547794899694,274.3762109206406,58.46546338075622,2.0802604643837297
resource_starvation,best_fit,time-driven,2,300,294,0.02,0.0,383.1313325384383,1112.4928292781246,0.09863945578231292,0.10536695807509905,0.17565547794899694,274.3762109206406,58.46546338075622,2.0802604643837297
resource_starvation,best_fit,time-driven,3,300,294,0.02,0.0,383.1313325384383,1112.4928292781246,0.09863945578231292,0.10536695807509905,0.17565547794899694,274.3762109206406,58.46546338075622,2.0802604643837297
resource_starvation,worst_fit,time-driven,1,300,294,0.02,0.0,308.56481131189787,1060.3913404424188,0.09523809523809523,0.09155001077921714,0.17565547794899694,274.3762109206406,58.46546338075622,2.0802604643837297
resource_starvation,worst_fit,time-driven,2,300,294,0.02,0.0,308.56481131189787,1060.3913404424188,0.09523809523809523,0.09155001077921714,0.17565547794899694,274.3762109206406,58.46546338075622,2.0802604643837297
resource_starvation,worst_fit,time-driven,3,300,294,0.02,0.0,308.56481131189787,1060.3913404424188,0.09523809523809523,0.09155001077921714,0.17565547794899694,274.3762109206406,58.46546338075622,2.0802604643837297
resource_starvation,round_robin,time-driven,1,300,294,0.02,0.0,306.10615014041184,1060.3913404424188,0.09183673469387756,0.09173713281764097,0.17565547794899694,274.3762109206406,58.46546338075622,2.0802604643837297
resource_starvation,round_robin,time-driven,2,300,294,0.02,0.0,306.10615014041184,1060.3913404424188,0.09183673469387756,0.09173713281764097,0.17565547794899694,274.3762109206406,58.46546338075622,2.0802604643837297
resource_starvation,round_robin,time-driven,3,300,294,0.02,0.0,306.10615014041184,1060.3913404424188,0.09183673469387756,0.09173713281764097,0.17565547794899694,274.3762109206406,58.46546338075622,2.0802604643837297
resource_starvation,gpu_packing,time-driven,1,300,294,0.02,0.0,325.4689559867381,1323.5519639331953,0.10204081632653061,0.09633645732646334,0.17565547794899694,274.3762109206406,58.46546338075622,2.0802604643837297
resource_starvation,gpu_packing,time-driven,2,300,294,0.02,0.0,325.4689559867381,1323.5519639331953,0.10204081632653061,0.09633645732646334,0.17565547794899694,274.3762109206406,58.46546338075622,2.0802604643837297
resource_starvation,gpu_packing,time-driven,3,300,294,0.02,0.0,325.4689559867381,1323.5519639331953,0.10204081632653061,0.09633645732646334,0.17565547794899694,274.3762109206406,58.46546338075622,2.0802604643837297
resource_starvation,least_requested,time-driven,1,300,294,0.02,0.0,303.6495725209842,1163.9433165126159,0.07482993197278912,0.08093598657900011,0.17565547794899694,274.3762109206406,58.46546338075622,2.0802604643837297
resource_starvation,least_requested,time-driven,2,300,294,0.02,0.0,303.6495725209842,1163.9433165126159,0.07482993197278912,0.08093598657900011,0.17565547794899694,274.3762109206406,58.46546338075622,2.0802604643837297
resource_starvation,least_requested,time-driven,3,300,294,0.02,0.0,303.6495725209842,1163.9433165126159,0.07482993197278912,0.08093598657900011,0.17565547794899694,274.3762109206406,58.46546338075622,2.0802604643837297
resource_starvation,fgd,time-driven,1,300,294,0.02,0.0,325.4689559867381,1060.3913404424188,0.09523809523809523,0.10078898978822988,0.17565547794899694,274.3762109206406,58.46546338075622,2.0802604643837297
resource_starvation,fgd,time-driven,2,300,294,0.02,0.0,325.4689559867381,1060.3913404424188,0.09523809523809523,0.10078898978822988,0.17565547794899694,274.3762109206406,58.46546338075622,2.0802604643837297
resource_starvation,fgd,time-driven,3,300,294,0.02,0.0,325.4689559867381,1060.3913404424188,0.09523809523809523,0.10078898978822988,0.17565547794899694,274.3762109206406,58.46546338075622,2.0802604643837297
resource_starvation,w_fgd,time-driven,1,300,294,0.02,0.0,303.6495725209842,1072.8244688996715,0.09183673469387756,0.09997884918172437,0.17565547794899694,274.3762109206406,58.46546338075622,2.0802604643837297
resource_starvation,w_fgd,time-driven,2,300,294,0.02,0.0,303.6495725209842,1072.8244688996715,0.09183673469387756,0.09997884918172437,0.17565547794899694,274.3762109206406,58.46546338075622,2.0802604643837297
resource_starvation,w_fgd,time-driven,3,300,294,0.02,0.0,303.6495725209842,1072.8244688996715,0.09183673469387756,0.09997884918172437,0.17565547794899694,274.3762109206406,58.46546338075622,2.0802604643837297
resource_starvation,w_fgd_balanced,time-driven,1,300,294,0.02,0.0,293.83140230842037,994.4224829153934,0.0782312925170068,0.0835004757403968,0.17565547794899694,274.3762109206406,58.46546338075622,2.0802604643837297
resource_starvation,w_fgd_balanced,time-driven,2,300,294,0.02,0.0,293.83140230842037,994.4224829153934,0.0782312925170068,0.0835004757403968,0.17565547794899694,274.3762109206406,58.46546338075622,2.0802604643837297
resource_starvation,w_fgd_balanced,time-driven,3,300,294,0.02,0.0,293.83140230842037,994.4224829153934,0.0782312925170068,0.0835004757403968,0.17565547794899694,274.3762109206406,58.46546338075622,2.0802604643837297
spot_preemption_churn,random,time-driven,1,300,300,0.0,0.0,184.03967984665988,887.3080690386017,0.09666666666666666,0.10038407224636393,0.16498050931815342,252.214172727309,49.8316783478079,1.8877865692194806
spot_preemption_churn,random,time-driven,2,300,300,0.0,0.0,216.20355089967848,842.0791860690927,0.09666666666666666,0.10898043633915733,0.1684243249908341,246.03816319984156,49.8316783478079,1.849186509672809
spot_preemption_churn,random,time-driven,3,300,300,0.0,0.0,184.03967984665988,927.3901001623512,0.09666666666666666,0.09428012003778699,0.1640131828197154,253.995596332809,49.8316783478079,1.8989204667538555
spot_preemption_churn,first_fit,time-driven,1,300,300,0.0,0.0,170.09905291792376,867.9697967209113,0.09666666666666666,0.10494478803895559,0.1654513050055006,251.35469395763386,49.8316783478079,1.882414826909011
spot_preemption_churn,first_fit,time-driven,2,300,300,0.0,0.0,170.09905291792376,867.9697967209113,0.09666666666666666,0.10494478803895559,0.1654513050055006,251.35469395763386,49.8316783478079,1.882414826909011
spot_preemption_churn,first_fit,time-driven,3,300,300,0.0,0.0,170.09905291792376,867.9697967209113,0.09666666666666666,0.10494478803895559,0.1654513050055006,251.35469395763386,49.8316783478079,1.882414826909011
spot_preemption_churn,best_fit,time-driven,1,300,300,0.0,0.0,177.74908251391162,893.0185914402584,0.1,0.10475320244021077,0.16484199702666535,252.4679737229382,49.8316783478079,1.8893728254421631
spot_preemption_churn,best_fit,time-driven,2,300,300,0.0,0.0,177.74908251391162,893.0185914402584,0.1,0.10475320244021077,0.16484199702666535,252.4679737229382,49.8316783478079,1.8893728254421631
spot_preemption_churn,best_fit,time-driven,3,300,300,0.0,0.0,177.74908251391162,893.0185914402584,0.1,0.10475320244021077,0.16484199702666535,252.4679737229382,49.8316783478079,1.8893728254421631
spot_preemption_churn,worst_fit,time-driven,1,300,300,0.0,0.0,191.21669369677545,861.1615965147323,0.09333333333333334,0.10307030085824545,0.165617692703291,251.05210728180373,49.8316783478079,1.8805236601850726
spot_preemption_churn,worst_fit,time-driven,2,300,300,0.0,0.0,191.21669369677545,861.1615965147323,0.09333333333333334,0.10307030085824545,0.165617692703291,251.05210728180373,49.8316783478079,1.8805236601850726
spot_preemption_churn,worst_fit,time-driven,3,300,300,0.0,0.0,191.21669369677545,861.1615965147323,0.09333333333333334,0.10307030085824545,0.165617692703291,251.05210728180373,49.8316783478079,1.8805236601850726
spot_preemption_churn,round_robin,time-driven,1,300,300,0.0,0.0,178.38290980828586,887.3080690386017,0.09666666666666666,0.10005449129858812,0.16498050931815342,252.214172727309,49.8316783478079,1.8877865692194806
spot_preemption_churn,round_robin,time-driven,2,300,300,0.0,0.0,178.38290980828586,887.3080690386017,0.09666666666666666,0.10005449129858812,0.16498050931815342,252.214172727309,49.8316783478079,1.8877865692194806
spot_preemption_churn,round_robin,time-driven,3,300,300,0.0,0.0,178.38290980828586,887.3080690386017,0.09666666666666666,0.10005449129858812,0.16498050931815342,252.214172727309,49.8316783478079,1.8877865692194806
spot_preemption_churn,gpu_packing,time-driven,1,300,300,0.0,0.0,164.1392086648274,687.0515642265548,0.09666666666666666,0.11314727322267171,0.17305304092831786,238.12441927690367,49.8316783478079,1.7997256101544472
spot_preemption_churn,gpu_packing,time-driven,2,300,300,0.0,0.0,164.1392086648274,687.0515642265548,0.09666666666666666,0.11314727322267171,0.17305304092831786,238.12441927690367,49.8316783478079,1.7997256101544472
spot_preemption_churn,gpu_packing,time-driven,3,300,300,0.0,0.0,164.1392086648274,687.0515642265548,0.09666666666666666,0.11314727322267171,0.17305304092831786,238.12441927690367,49.8316783478079,1.7997256101544472
spot_preemption_churn,least_requested,time-driven,1,300,300,0.0,0.0,248.78383400969938,918.7287368276562,0.07666666666666666,0.08461889588324696,0.1642212513205453,253.61064685126695,49.8316783478079,1.8965145324942179
spot_preemption_churn,least_requested,time-driven,2,300,300,0.0,0.0,248.78383400969938,918.7287368276562,0.07666666666666666,0.08461889588324696,0.1642212513205453,253.61064685126695,49.8316783478079,1.8965145324942179
spot_preemption_churn,least_requested,time-driven,3,300,300,0.0,0.0,248.78383400969938,918.7287368276562,0.07666666666666666,0.08461889588324696,0.1642212513205453,253.61064685126695,49.8316783478079,1.8965145324942179
spot_preemption_churn,fgd,time-driven,1,300,300,0.0,0.0,198.02489390295443,887.3080690386017,0.09333333333333334,0.09943094465181929,0.16498050931815342,252.214172727309,49.8316783478079,1.8877865692194806
spot_preemption_churn,fgd,time-driven,2,300,300,0.0,0.0,198.02489390295443,887.3080690386017,0.09333333333333334,0.09943094465181929,0.16498050931815342,252.214172727309,49.8316783478079,1.8877865692194806
spot_preemption_churn,fgd,time-driven,3,300,300,0.0,0.0,198.02489390295443,887.3080690386017,0.09333333333333334,0.09943094465181929,0.16498050931815342,252.214172727309,49.8316783478079,1.8877865692194806
spot_preemption_churn,w_fgd,time-driven,1,300,300,0.0,0.0,178.38290980828586,887.3080690386017,0.10666666666666667,0.1042811859335461,0.16498050931815342,252.214172727309,49.8316783478079,1.8877865692194806
spot_preemption_churn,w_fgd,time-driven,2,300,300,0.0,0.0,178.38290980828586,887.3080690386017,0.10666666666666667,0.1042811859335461,0.16498050931815342,252.214172727309,49.8316783478079,1.8877865692194806
spot_preemption_churn,w_fgd,time-driven,3,300,300,0.0,0.0,178.38290980828586,887.3080690386017,0.10666666666666667,0.1042811859335461,0.16498050931815342,252.214172727309,49.8316783478079,1.8877865692194806
spot_preemption_churn,w_fgd_balanced,time-driven,1,300,300,0.0,0.0,200.27127936054575,519.6956994944027,0.09333333333333334,0.12046287812955431,0.1784373979220536,229.43533029561428,49.8316783478079,1.7454188040213885
spot_preemption_churn,w_fgd_balanced,time-driven,2,300,300,0.0,0.0,200.27127936054575,519.6956994944027,0.09333333333333334,0.12046287812955431,0.1784373979220536,229.43533029561428,49.8316783478079,1.7454188040213885
spot_preemption_churn,w_fgd_balanced,time-driven,3,300,300,0.0,0.0,200.27127936054575,519.6956994944027,0.09333333333333334,0.12046287812955431,0.1784373979220536,229.43533029561428,49.8316783478079,1.7454188040213885
