scenario,policy,scale,seed,n_submitted,n_admitted,rejection_rate,mean_wait_time,p95_wait_time,makespan,final_fragmentation_score,final_gpu_utilization
baseline,random,1.0,1,300,300,0.0,36.916441896167214,332.06185766343555,7488.9376717814275,0.0,0.0
baseline,random,1.0,2,300,300,0.0,37.889649328556565,330.26953631776223,7488.9376717814275,0.0,0.0
baseline,random,1.0,3,300,300,0.0,36.887648279511005,330.26953631776223,7488.9376717814275,0.0,0.0
baseline,first_fit,1.0,1,300,300,0.0,38.7817066722343,325.4689559867381,7488.9376717814275,0.0,0.0
baseline,first_fit,1.0,2,300,300,0.0,38.7817066722343,325.4689559867381,7488.9376717814275,0.0,0.0
baseline,first_fit,1.0,3,300,300,0.0,38.7817066722343,325.4689559867381,7488.9376717814275,0.0,0.0
baseline,best_fit,1.0,1,300,300,0.0,40.57835444399052,325.4689559867381,7488.9376717814275,0.0,0.0
baseline,best_fit,1.0,2,300,300,0.0,40.57835444399052,325.4689559867381,7488.9376717814275,0.0,0.0
baseline,best_fit,1.0,3,300,300,0.0,40.57835444399052,325.4689559867381,7488.9376717814275,0.0,0.0
baseline,worst_fit,1.0,1,300,300,0.0,36.84978294788213,303.6495725209842,7488.9376717814275,0.0,0.0
baseline,worst_fit,1.0,2,300,300,0.0,36.84978294788213,303.6495725209842,7488.9376717814275,0.0,0.0
baseline,worst_fit,1.0,3,300,300,0.0,36.84978294788213,303.6495725209842,7488.9376717814275,0.0,0.0
baseline,round_robin,1.0,1,300,300,0.0,36.51593619196034,332.06185766343555,7488.9376717814275,0.0,0.0
baseline,round_robin,1.0,2,300,300,0.0,36.51593619196034,332.06185766343555,7488.9376717814275,0.0,0.0
baseline,round_robin,1.0,3,300,300,0.0,36.51593619196034,332.06185766343555,7488.9376717814275,0.0,0.0
baseline,gpu_packing,1.0,1,300,300,0.0,40.55494304210613,325.4689559867381,7488.9376717814275,0.0,0.0
baseline,gpu_packing,1.0,2,300,300,0.0,40.55494304210613,325.4689559867381,7488.9376717814275,0.0,0.0
baseline,gpu_packing,1.0,3,300,300,0.0,40.55494304210613,325.4689559867381,7488.9376717814275,0.0,0.0
baseline,least_requested,1.0,1,300,300,0.0,44.351184011335874,356.159506203125,7488.9376717814275,0.0,0.0
baseline,least_requested,1.0,2,300,300,0.0,44.351184011335874,356.159506203125,7488.9376717814275,0.0,0.0
baseline,least_requested,1.0,3,300,300,0.0,44.351184011335874,356.159506203125,7488.9376717814275,0.0,0.0
baseline,fgd,1.0,1,300,300,0.0,40.29322180885341,373.3131623258745,7488.9376717814275,0.0,0.0
baseline,fgd,1.0,2,300,300,0.0,40.29322180885341,373.3131623258745,7488.9376717814275,0.0,0.0
baseline,fgd,1.0,3,300,300,0.0,40.29322180885341,373.3131623258745,7488.9376717814275,0.0,0.0
baseline,w_fgd,1.0,1,300,300,0.0,37.518923725393165,360.1768185484228,7488.9376717814275,0.0,0.0
baseline,w_fgd,1.0,2,300,300,0.0,37.518923725393165,360.1768185484228,7488.9376717814275,0.0,0.0
baseline,w_fgd,1.0,3,300,300,0.0,37.518923725393165,360.1768185484228,7488.9376717814275,0.0,0.0
baseline,w_fgd_balanced,1.0,1,300,300,0.0,39.834231930136276,360.1768185484228,7488.9376717814275,0.0,0.0
baseline,w_fgd_balanced,1.0,2,300,300,0.0,39.834231930136276,360.1768185484228,7488.9376717814275,0.0,0.0
baseline,w_fgd_balanced,1.0,3,300,300,0.0,39.834231930136276,360.1768185484228,7488.9376717814275,0.0,0.0
bursty_arrivals,random,1.0,1,300,300,0.0,85.07767676777628,736.0112302345241,10688.553422845791,0.0,0.0
bursty_arrivals,random,1.0,2,300,300,0.0,84.37878699005363,736.0820004811213,10688.553422845791,0.0,0.0
bursty_arrivals,random,1.0,3,300,300,0.0,88.30536572006082,778.544609882255,10688.553422845791,0.0,0.0
bursty_arrivals,first_fit,1.0,1,300,300,0.0,75.57836465849596,729.4007684107598,10693.264626246377,0.0,0.0
bursty_arrivals,first_fit,1.0,2,300,300,0.0,75.57836465849596,729.4007684107598,10693.264626246377,0.0,0.0
bursty_arrivals,first_fit,1.0,3,300,300,0.0,75.57836465849596,729.4007684107598,10693.264626246377,0.0,0.0
bursty_arrivals,best_fit,1.0,1,300,300,0.0,75.64624048498416,729.4007684107598,10693.264626246377,0.0,0.0
bursty_arrivals,best_fit,1.0,2,300,300,0.0,75.64624048498416,729.4007684107598,10693.264626246377,0.0,0.0
bursty_arrivals,best_fit,1.0,3,300,300,0.0,75.64624048498416,729.4007684107598,10693.264626246377,0.0,0.0
bursty_arrivals,worst_fit,1.0,1,300,300,0.0,86.05067082100258,778.544609882255,10688.553422845791,0.0,0.0
bursty_arrivals,worst_fit,1.0,2,300,300,0.0,86.05067082100258,778.544609882255,10688.553422845791,0.0,0.0
bursty_arrivals,worst_fit,1.0,3,300,300,0.0,86.05067082100258,778.544609882255,10688.553422845791,0.0,0.0
bursty_arrivals,round_robin,1.0,1,300,300,0.0,80.5875776812107,736.0112302345241,10688.553422845791,0.0,0.0
bursty_arrivals,round_robin,1.0,2,300,300,0.0,80.5875776812107,736.0112302345241,10688.553422845791,0.0,0.0
bursty_arrivals,round_robin,1.0,3,300,300,0.0,80.5875776812107,736.0112302345241,10688.553422845791,0.0,0.0
bursty_arrivals,gpu_packing,1.0,1,300,300,0.0,75.6905583364849,729.4007684107598,10693.264626246377,0.0,0.0
bursty_arrivals,gpu_packing,1.0,2,300,300,0.0,75.6905583364849,729.4007684107598,10693.264626246377,0.0,0.0
bursty_arrivals,gpu_packing,1.0,3,300,300,0.0,75.6905583364849,729.4007684107598,10693.264626246377,0.0,0.0
bursty_arrivals,least_requested,1.0,1,300,300,0.0,88.44762964181325,736.0820004811213,10688.553422845791,0.0,0.0
bursty_arrivals,least_requested,1.0,2,300,300,0.0,88.44762964181325,736.0820004811213,10688.553422845791,0.0,0.0
bursty_arrivals,least_requested,1.0,3,300,300,0.0,88.44762964181325,736.0820004811213,10688.553422845791,0.0,0.0
bursty_arrivals,fgd,1.0,1,300,300,0.0,78.35417465505022,729.4007684107598,10688.553422845791,0.0,0.0
bursty_arrivals,fgd,1.0,2,300,300,0.0,78.35417465505022,729.4007684107598,10688.553422845791,0.0,0.0
bursty_arrivals,fgd,1.0,3,300,300,0.0,78.35417465505022,729.4007684107598,10688.553422845791,0.0,0.0
bursty_arrivals,w_fgd,1.0,1,300,300,0.0,83.50433297423251,749.9781674527248,10688.553422845791,0.0,0.0
bursty_arrivals,w_fgd,1.0,2,300,300,0.0,83.50433297423251,749.9781674527248,10688.553422845791,0.0,0.0
bursty_arrivals,w_fgd,1.0,3,300,300,0.0,83.50433297423251,749.9781674527248,10688.553422845791,0.0,0.0
bursty_arrivals,w_fgd_balanced,1.0,1,300,300,0.0,84.06938475549188,729.4007684107598,10688.553422845791,0.0,0.0
bursty_arrivals,w_fgd_balanced,1.0,2,300,300,0.0,84.06938475549188,729.4007684107598,10688.553422845791,0.0,0.0
bursty_arrivals,w_fgd_balanced,1.0,3,300,300,0.0,84.06938475549188,729.4007684107598,10688.553422845791,0.0,0.0
checkpoint_io_burst,random,1.0,1,300,300,0.0,57.558125355877905,416.72237683912266,7502.587527068237,0.0,0.0
checkpoint_io_burst,random,1.0,2,300,300,0.0,58.2415970332701,466.0933191764366,7502.587527068237,0.0,0.0
checkpoint_io_burst,random,1.0,3,300,300,0.0,61.871994425500425,466.0933191764366,7502.587527068237,0.0,0.0
checkpoint_io_burst,first_fit,1.0,1,300,300,0.0,58.219091266743504,462.4053728688623,7502.587527068237,0.0,0.0
checkpoint_io_burst,first_fit,1.0,2,300,300,0.0,58.219091266743504,462.4053728688623,7502.587527068237,0.0,0.0
checkpoint_io_burst,first_fit,1.0,3,300,300,0.0,58.219091266743504,462.4053728688623,7502.587527068237,0.0,0.0
checkpoint_io_burst,best_fit,1.0,1,300,300,0.0,57.0472126790236,462.4053728688623,7502.587527068237,0.0,0.0
checkpoint_io_burst,best_fit,1.0,2,300,300,0.0,57.0472126790236,462.4053728688623,7502.587527068237,0.0,0.0
checkpoint_io_burst,best_fit,1.0,3,300,300,0.0,57.0472126790236,462.4053728688623,7502.587527068237,0.0,0.0
checkpoint_io_burst,worst_fit,1.0,1,300,300,0.0,63.24274052316892,432.68623379968074,7502.587527068237,0.0,0.0
checkpoint_io_burst,worst_fit,1.0,2,300,300,0.0,63.24274052316892,432.68623379968074,7502.587527068237,0.0,0.0
checkpoint_io_burst,worst_fit,1.0,3,300,300,0.0,63.24274052316892,432.68623379968074,7502.587527068237,0.0,0.0
checkpoint_io_burst,round_robin,1.0,1,300,300,0.0,58.0829657212526,453.96865804183136,7502.587527068237,0.0,0.0
checkpoint_io_burst,round_robin,1.0,2,300,300,0.0,58.0829657212526,453.96865804183136,7502.587527068237,0.0,0.0
checkpoint_io_burst,round_robin,1.0,3,300,300,0.0,58.0829657212526,453.96865804183136,7502.587527068237,0.0,0.0
checkpoint_io_burst,gpu_packing,1.0,1,300,300,0.0,57.80523211304446,462.4053728688623,7502.587527068237,0.0,0.0
checkpoint_io_burst,gpu_packing,1.0,2,300,300,0.0,57.80523211304446,462.4053728688623,7502.587527068237,0.0,0.0
checkpoint_io_burst,gpu_packing,1.0,3,300,300,0.0,57.80523211304446,462.4053728688623,7502.587527068237,0.0,0.0
checkpoint_io_burst,least_requested,1.0,1,300,300,0.0,54.486164720373544,388.5010800686473,7502.587527068237,0.0,0.0
checkpoint_io_burst,least_requested,1.0,2,300,300,0.0,54.486164720373544,388.5010800686473,7502.587527068237,0.0,0.0
checkpoint_io_burst,least_requested,1.0,3,300,300,0.0,54.486164720373544,388.5010800686473,7502.587527068237,0.0,0.0
checkpoint_io_burst,fgd,1.0,1,300,300,0.0,55.8410695027571,425.241577223007,7502.587527068237,0.0,0.0
checkpoint_io_burst,fgd,1.0,2,300,300,0.0,55.8410695027571,425.241577223007,7502.587527068237,0.0,0.0
checkpoint_io_burst,fgd,1.0,3,300,300,0.0,55.8410695027571,425.241577223007,7502.587527068237,0.0,0.0
checkpoint_io_burst,w_fgd,1.0,1,300,300,0.0,59.88588311869751,446.2681122953362,7502.587527068237,0.0,0.0
checkpoint_io_burst,w_fgd,1.0,2,300,300,0.0,59.88588311869751,446.2681122953362,7502.587527068237,0.0,0.0
checkpoint_io_burst,w_fgd,1.0,3,300,300,0.0,59.88588311869751,446.2681122953362,7502.587527068237,0.0,0.0
checkpoint_io_burst,w_fgd_balanced,1.0,1,300,300,0.0,59.23005690791376,588.7452232793692,7502.587527068237,0.0,0.0
checkpoint_io_burst,w_fgd_balanced,1.0,2,300,300,0.0,59.23005690791376,588.7452232793692,7502.587527068237,0.0,0.0
checkpoint_io_burst,w_fgd_balanced,1.0,3,300,300,0.0,59.23005690791376,588.7452232793692,7502.587527068237,0.0,0.0
cold_start_storm,random,1.0,1,300,300,0.0,0.1885409497797567,0.0,24935.4911250273,0.0,0.0
cold_start_storm,random,1.0,2,300,300,0.0,0.22345510260949594,0.0,24935.4911250273,0.0,0.0
cold_start_storm,random,1.0,3,300,300,0.0,0.1804052822414936,0.0,24935.4911250273,0.0,0.0
cold_start_storm,first_fit,1.0,1,300,300,0.0,0.17958278996978455,0.0,24935.4911250273,0.0,0.0
cold_start_storm,first_fit,1.0,2,300,300,0.0,0.17958278996978455,0.0,24935.4911250273,0.0,0.0
cold_start_storm,first_fit,1.0,3,300,300,0.0,0.17958278996978455,0.0,24935.4911250273,0.0,0.0
cold_start_storm,best_fit,1.0,1,300,300,0.0,0.1719578498360291,0.0,24935.4911250273,0.0,0.0
cold_start_storm,best_fit,1.0,2,300,300,0.0,0.1719578498360291,0.0,24935.4911250273,0.0,0.0
cold_start_storm,best_fit,1.0,3,300,300,0.0,0.1719578498360291,0.0,24935.4911250273,0.0,0.0
cold_start_storm,worst_fit,1.0,1,300,300,0.0,0.22345510260949594,0.0,24935.4911250273,0.0,0.0
cold_start_storm,worst_fit,1.0,2,300,300,0.0,0.22345510260949594,0.0,24935.4911250273,0.0,0.0
cold_start_storm,worst_fit,1.0,3,300,300,0.0,0.22345510260949594,0.0,24935.4911250273,0.0,0.0
cold_start_storm,round_robin,1.0,1,300,300,0.0,0.17958278996978455,0.0,24935.4911250273,0.0,0.0
cold_start_storm,round_robin,1.0,2,300,300,0.0,0.17958278996978455,0.0,24935.4911250273,0.0,0.0
cold_start_storm,round_robin,1.0,3,300,300,0.0,0.17958278996978455,0.0,24935.4911250273,0.0,0.0
cold_start_storm,gpu_packing,1.0,1,300,300,0.0,0.17958278996978455,0.0,24935.4911250273,0.0,0.0
cold_start_storm,gpu_packing,1.0,2,300,300,0.0,0.17958278996978455,0.0,24935.4911250273,0.0,0.0
cold_start_storm,gpu_packing,1.0,3,300,300,0.0,0.17958278996978455,0.0,24935.4911250273,0.0,0.0
cold_start_storm,least_requested,1.0,1,300,300,0.0,0.22976987248924463,0.0,24935.4911250273,0.0,0.0
cold_start_storm,least_requested,1.0,2,300,300,0.0,0.22976987248924463,0.0,24935.4911250273,0.0,0.0
cold_start_storm,least_requested,1.0,3,300,300,0.0,0.22976987248924463,0.0,24935.4911250273,0.0,0.0
cold_start_storm,fgd,1.0,1,300,300,0.0,0.23790554002750772,0.0,24935.4911250273,0.0,0.0
cold_start_storm,fgd,1.0,2,300,300,0.0,0.23790554002750772,0.0,24935.4911250273,0.0,0.0
cold_start_storm,fgd,1.0,3,300,300,0.0,0.23790554002750772,0.0,24935.4911250273,0.0,0.0
cold_start_storm,w_fgd,1.0,1,300,300,0.0,0.17958278996978455,0.0,24935.4911250273,0.0,0.0
cold_start_storm,w_fgd,1.0,2,300,300,0.0,0.17958278996978455,0.0,24935.4911250273,0.0,0.0
cold_start_storm,w_fgd,1.0,3,300,300,0.0,0.17958278996978455,0.0,24935.4911250273,0.0,0.0
cold_start_storm,w_fgd_balanced,1.0,1,300,300,0.0,0.22976987248924463,0.0,24935.4911250273,0.0,0.0
cold_start_storm,w_fgd_balanced,1.0,2,300,300,0.0,0.22976987248924463,0.0,24935.4911250273,0.0,0.0
cold_start_storm,w_fgd_balanced,1.0,3,300,300,0.0,0.22976987248924463,0.0,24935.4911250273,0.0,0.0
diurnal_pattern,random,1.0,1,300,300,0.0,88.34708035370379,660.6765645646653,9880.80201530633,0.0,0.0
diurnal_pattern,random,1.0,2,300,300,0.0,85.14300451701914,615.5471607462637,9880.80201530633,0.0,0.0
diurnal_pattern,random,1.0,3,300,300,0.0,89.85137950400879,691.8256912385182,9880.80201530633,0.0,0.0
diurnal_pattern,first_fit,1.0,1,300,300,0.0,88.81807083175198,565.1349611466337,9880.80201530633,0.0,0.0
diurnal_pattern,first_fit,1.0,2,300,300,0.0,88.81807083175198,565.1349611466337,9880.80201530633,0.0,0.0
diurnal_pattern,first_fit,1.0,3,300,300,0.0,88.81807083175198,565.1349611466337,9880.80201530633,0.0,0.0
diurnal_pattern,best_fit,1.0,1,300,300,0.0,87.22577946445067,565.1349611466337,9880.80201530633,0.0,0.0
diurnal_pattern,best_fit,1.0,2,300,300,0.0,87.22577946445067,565.1349611466337,9880.80201530633,0.0,0.0
diurnal_pattern,best_fit,1.0,3,300,300,0.0,87.22577946445067,565.1349611466337,9880.80201530633,0.0,0.0
diurnal_pattern,worst_fit,1.0,1,300,300,0.0,83.20222763823139,620.3398427805512,9880.80201530633,0.0,0.0
diurnal_pattern,worst_fit,1.0,2,300,300,0.0,83.20222763823139,620.3398427805512,9880.80201530633,0.0,0.0
diurnal_pattern,worst_fit,1.0,3,300,300,0.0,83.20222763823139,620.3398427805512,9880.80201530633,0.0,0.0
diurnal_pattern,round_robin,1.0,1,300,300,0.0,76.87973363299051,617.5020082793428,9880.80201530633,0.0,0.0
diurnal_pattern,round_robin,1.0,2,300,300,0.0,76.87973363299051,617.5020082793428,9880.80201530633,0.0,0.0
diurnal_pattern,round_robin,1.0,3,300,300,0.0,76.87973363299051,617.5020082793428,9880.80201530633,0.0,0.0
diurnal_pattern,gpu_packing,1.0,1,300,300,0.0,88.59700544379744,565.1349611466337,9880.80201530633,0.0,0.0
diurnal_pattern,gpu_packing,1.0,2,300,300,0.0,88.59700544379744,565.1349611466337,9880.80201530633,0.0,0.0
diurnal_pattern,gpu_packing,1.0,3,300,300,0.0,88.59700544379744,565.1349611466337,9880.80201530633,0.0,0.0
diurnal_pattern,least_requested,1.0,1,300,300,0.0,100.56865539363193,716.2244829634104,9880.80201530633,0.0,0.0
diurnal_pattern,least_requested,1.0,2,300,300,0.0,100.56865539363193,716.2244829634104,9880.80201530633,0.0,0.0
diurnal_pattern,least_requested,1.0,3,300,300,0.0,100.56865539363193,716.2244829634104,9880.80201530633,0.0,0.0
diurnal_pattern,fgd,1.0,1,300,300,0.0,100.7938560957116,691.8256912385182,9880.80201530633,0.0,0.0
diurnal_pattern,fgd,1.0,2,300,300,0.0,100.7938560957116,691.8256912385182,9880.80201530633,0.0,0.0
diurnal_pattern,fgd,1.0,3,300,300,0.0,100.7938560957116,691.8256912385182,9880.80201530633,0.0,0.0
diurnal_pattern,w_fgd,1.0,1,300,300,0.0,91.20265064450267,565.1349611466337,9880.80201530633,0.0,0.0
diurnal_pattern,w_fgd,1.0,2,300,300,0.0,91.20265064450267,565.1349611466337,9880.80201530633,0.0,0.0
diurnal_pattern,w_fgd,1.0,3,300,300,0.0,91.20265064450267,565.1349611466337,9880.80201530633,0.0,0.0
diurnal_pattern,w_fgd_balanced,1.0,1,300,300,0.0,95.98427828492383,620.3398427805512,9880.80201530633,0.0,0.0
diurnal_pattern,w_fgd_balanced,1.0,2,300,300,0.0,95.98427828492383,620.3398427805512,9880.80201530633,0.0,0.0
diurnal_pattern,w_fgd_balanced,1.0,3,300,300,0.0,95.98427828492383,620.3398427805512,9880.80201530633,0.0,0.0
flash_crowd,random,1.0,1,300,300,0.0,56.196151318883494,394.8463572961277,7728.261589841614,0.0,0.0
flash_crowd,random,1.0,2,300,300,0.0,54.61038118201699,249.48155286724756,7728.261589841614,0.0,0.0
flash_crowd,random,1.0,3,300,300,0.0,50.48138568352466,192.99735218731456,7728.261589841614,0.0,0.0
flash_crowd,first_fit,1.0,1,300,300,0.0,45.68560918444952,173.6034406289138,7728.261589841614,0.0,0.0
flash_crowd,first_fit,1.0,2,300,300,0.0,45.68560918444952,173.6034406289138,7728.261589841614,0.0,0.0
flash_crowd,first_fit,1.0,3,300,300,0.0,45.68560918444952,173.6034406289138,7728.261589841614,0.0,0.0
flash_crowd,best_fit,1.0,1,300,300,0.0,45.797781423850154,173.6034406289138,7728.261589841614,0.0,0.0
flash_crowd,best_fit,1.0,2,300,300,0.0,45.797781423850154,173.6034406289138,7728.261589841614,0.0,0.0
flash_crowd,best_fit,1.0,3,300,300,0.0,45.797781423850154,173.6034406289138,7728.261589841614,0.0,0.0
flash_crowd,worst_fit,1.0,1,300,300,0.0,57.32797158567958,337.29238023926325,7728.261589841614,0.0,0.0
flash_crowd,worst_fit,1.0,2,300,300,0.0,57.32797158567958,337.29238023926325,7728.261589841614,0.0,0.0
flash_crowd,worst_fit,1.0,3,300,300,0.0,57.32797158567958,337.29238023926325,7728.261589841614,0.0,0.0
flash_crowd,round_robin,1.0,1,300,300,0.0,51.89700990237409,249.48155286724756,7728.261589841614,0.0,0.0
flash_crowd,round_robin,1.0,2,300,300,0.0,51.89700990237409,249.48155286724756,7728.261589841614,0.0,0.0
flash_crowd,round_robin,1.0,3,300,300,0.0,51.89700990237409,249.48155286724756,7728.261589841614,0.0,0.0
flash_crowd,gpu_packing,1.0,1,300,300,0.0,45.90598185031368,169.66553607214394,7728.261589841614,0.0,0.0
flash_crowd,gpu_packing,1.0,2,300,300,0.0,45.90598185031368,169.66553607214394,7728.261589841614,0.0,0.0
flash_crowd,gpu_packing,1.0,3,300,300,0.0,45.90598185031368,169.66553607214394,7728.261589841614,0.0,0.0
flash_crowd,least_requested,1.0,1,300,300,0.0,54.20512896425472,283.6954285214889,7728.261589841614,0.0,0.0
flash_crowd,least_requested,1.0,2,300,300,0.0,54.20512896425472,283.6954285214889,7728.261589841614,0.0,0.0
flash_crowd,least_requested,1.0,3,300,300,0.0,54.20512896425472,283.6954285214889,7728.261589841614,0.0,0.0
flash_crowd,fgd,1.0,1,300,300,0.0,50.77387378003982,318.4188446721333,7728.261589841614,0.0,0.0
flash_crowd,fgd,1.0,2,300,300,0.0,50.77387378003982,318.4188446721333,7728.261589841614,0.0,0.0
flash_crowd,fgd,1.0,3,300,300,0.0,50.77387378003982,318.4188446721333,7728.261589841614,0.0,0.0
flash_crowd,w_fgd,1.0,1,300,300,0.0,45.959796175007774,169.66553607214394,7728.261589841614,0.0,0.0
flash_crowd,w_fgd,1.0,2,300,300,0.0,45.959796175007774,169.66553607214394,7728.261589841614,0.0,0.0
flash_crowd,w_fgd,1.0,3,300,300,0.0,45.959796175007774,169.66553607214394,7728.261589841614,0.0,0.0
flash_crowd,w_fgd_balanced,1.0,1,300,300,0.0,50.84602652056188,337.29238023926325,7728.261589841614,0.0,0.0
flash_crowd,w_fgd_balanced,1.0,2,300,300,0.0,50.84602652056188,337.29238023926325,7728.261589841614,0.0,0.0
flash_crowd,w_fgd_balanced,1.0,3,300,300,0.0,50.84602652056188,337.29238023926325,7728.261589841614,0.0,0.0
gpu_fragmentation_sharing,random,1.0,1,300,300,0.0,5.248598851065065,25.55247128328415,7427.944441110122,0.0,0.0
gpu_fragmentation_sharing,random,1.0,2,300,300,0.0,5.636949491950184,25.55247128328415,7427.944441110122,0.0,0.0
gpu_fragmentation_sharing,random,1.0,3,300,300,0.0,6.065328286875095,25.55247128328415,7427.944441110122,0.0,0.0
gpu_fragmentation_sharing,first_fit,1.0,1,300,300,0.0,5.784755242904406,25.55247128328415,7427.944441110122,0.0,0.0
gpu_fragmentation_sharing,first_fit,1.0,2,300,300,0.0,5.784755242904406,25.55247128328415,7427.944441110122,0.0,0.0
gpu_fragmentation_sharing,first_fit,1.0,3,300,300,0.0,5.784755242904406,25.55247128328415,7427.944441110122,0.0,0.0
gpu_fragmentation_sharing,best_fit,1.0,1,300,300,0.0,6.39064004822814,28.66707913337413,7427.944441110122,0.0,0.0
gpu_fragmentation_sharing,best_fit,1.0,2,300,300,0.0,6.39064004822814,28.66707913337413,7427.944441110122,0.0,0.0
gpu_fragmentation_sharing,best_fit,1.0,3,300,300,0.0,6.39064004822814,28.66707913337413,7427.944441110122,0.0,0.0
gpu_fragmentation_sharing,worst_fit,1.0,1,300,300,0.0,5.3298863411729345,25.55247128328415,7427.944441110122,0.0,0.0
gpu_fragmentation_sharing,worst_fit,1.0,2,300,300,0.0,5.3298863411729345,25.55247128328415,7427.944441110122,0.0,0.0
gpu_fragmentation_sharing,worst_fit,1.0,3,300,300,0.0,5.3298863411729345,25.55247128328415,7427.944441110122,0.0,0.0
gpu_fragmentation_sharing,round_robin,1.0,1,300,300,0.0,5.738802974010723,25.55247128328415,7427.944441110122,0.0,0.0
gpu_fragmentation_sharing,round_robin,1.0,2,300,300,0.0,5.738802974010723,25.55247128328415,7427.944441110122,0.0,0.0
gpu_fragmentation_sharing,round_robin,1.0,3,300,300,0.0,5.738802974010723,25.55247128328415,7427.944441110122,0.0,0.0
gpu_fragmentation_sharing,gpu_packing,1.0,1,300,300,0.0,6.537533600045441,25.55247128328415,7427.944441110122,0.0,0.0
gpu_fragmentation_sharing,gpu_packing,1.0,2,300,300,0.0,6.537533600045441,25.55247128328415,7427.944441110122,0.0,0.0
gpu_fragmentation_sharing,gpu_packing,1.0,3,300,300,0.0,6.537533600045441,25.55247128328415,7427.944441110122,0.0,0.0
gpu_fragmentation_sharing,least_requested,1.0,1,300,300,0.0,5.59300868531705,25.55247128328415,7427.944441110122,0.0,0.0
gpu_fragmentation_sharing,least_requested,1.0,2,300,300,0.0,5.59300868531705,25.55247128328415,7427.944441110122,0.0,0.0
gpu_fragmentation_sharing,least_requested,1.0,3,300,300,0.0,5.59300868531705,25.55247128328415,7427.944441110122,0.0,0.0
gpu_fragmentation_sharing,fgd,1.0,1,300,300,0.0,5.59300868531705,25.55247128328415,7427.944441110122,0.0,0.0
gpu_fragmentation_sharing,fgd,1.0,2,300,300,0.0,5.59300868531705,25.55247128328415,7427.944441110122,0.0,0.0
gpu_fragmentation_sharing,fgd,1.0,3,300,300,0.0,5.59300868531705,25.55247128328415,7427.944441110122,0.0,0.0
gpu_fragmentation_sharing,w_fgd,1.0,1,300,300,0.0,5.753045016466553,25.55247128328415,7427.944441110122,0.0,0.0
gpu_fragmentation_sharing,w_fgd,1.0,2,300,300,0.0,5.753045016466553,25.55247128328415,7427.944441110122,0.0,0.0
gpu_fragmentation_sharing,w_fgd,1.0,3,300,300,0.0,5.753045016466553,25.55247128328415,7427.944441110122,0.0,0.0
gpu_fragmentation_sharing,w_fgd_balanced,1.0,1,300,300,0.0,6.468399442706044,25.55247128328415,7427.944441110122,0.0,0.0
gpu_fragmentation_sharing,w_fgd_balanced,1.0,2,300,300,0.0,6.468399442706044,25.55247128328415,7427.944441110122,0.0,0.0
gpu_fragmentation_sharing,w_fgd_balanced,1.0,3,300,300,0.0,6.468399442706044,25.55247128328415,7427.944441110122,0.0,0.0
heavy_tail_demand,random,1.0,1,300,300,0.0,36.916441896167214,332.06185766343555,7488.9376717814275,0.0,0.0
heavy_tail_demand,random,1.0,2,300,300,0.0,37.889649328556565,330.26953631776223,7488.9376717814275,0.0,0.0
heavy_tail_demand,random,1.0,3,300,300,0.0,36.887648279511005,330.26953631776223,7488.9376717814275,0.0,0.0
heavy_tail_demand,first_fit,1.0,1,300,300,0.0,38.7817066722343,325.4689559867381,7488.9376717814275,0.0,0.0
heavy_tail_demand,first_fit,1.0,2,300,300,0.0,38.7817066722343,325.4689559867381,7488.9376717814275,0.0,0.0
heavy_tail_demand,first_fit,1.0,3,300,300,0.0,38.7817066722343,325.4689559867381,7488.9376717814275,0.0,0.0
heavy_tail_demand,best_fit,1.0,1,300,300,0.0,40.57835444399052,325.4689559867381,7488.9376717814275,0.0,0.0
heavy_tail_demand,best_fit,1.0,2,300,300,0.0,40.57835444399052,325.4689559867381,7488.9376717814275,0.0,0.0
heavy_tail_demand,best_fit,1.0,3,300,300,0.0,40.57835444399052,325.4689559867381,7488.9376717814275,0.0,0.0
heavy_tail_demand,worst_fit,1.0,1,300,300,0.0,36.84978294788213,303.6495725209842,7488.9376717814275,0.0,0.0
heavy_tail_demand,worst_fit,1.0,2,300,300,0.0,36.84978294788213,303.6495725209842,7488.9376717814275,0.0,0.0
heavy_tail_demand,worst_fit,1.0,3,300,300,0.0,36.84978294788213,303.6495725209842,7488.9376717814275,0.0,0.0
heavy_tail_demand,round_robin,1.0,1,300,300,0.0,36.51593619196034,332.06185766343555,7488.9376717814275,0.0,0.0
heavy_tail_demand,round_robin,1.0,2,300,300,0.0,36.51593619196034,332.06185766343555,7488.9376717814275,0.0,0.0
heavy_tail_demand,round_robin,1.0,3,300,300,0.0,36.51593619196034,332.06185766343555,7488.9376717814275,0.0,0.0
heavy_tail_demand,gpu_packing,1.0,1,300,300,0.0,40.55494304210613,325.4689559867381,7488.9376717814275,0.0,0.0
heavy_tail_demand,gpu_packing,1.0,2,300,300,0.0,40.55494304210613,325.4689559867381,7488.9376717814275,0.0,0.0
heavy_tail_demand,gpu_packing,1.0,3,300,300,0.0,40.55494304210613,325.4689559867381,7488.9376717814275,0.0,0.0
heavy_tail_demand,least_requested,1.0,1,300,300,0.0,44.351184011335874,356.159506203125,7488.9376717814275,0.0,0.0
heavy_tail_demand,least_requested,1.0,2,300,300,0.0,44.351184011335874,356.159506203125,7488.9376717814275,0.0,0.0
heavy_tail_demand,least_requested,1.0,3,300,300,0.0,44.351184011335874,356.159506203125,7488.9376717814275,0.0,0.0
heavy_tail_demand,fgd,1.0,1,300,300,0.0,40.29322180885341,373.3131623258745,7488.9376717814275,0.0,0.0
heavy_tail_demand,fgd,1.0,2,300,300,0.0,40.29322180885341,373.3131623258745,7488.9376717814275,0.0,0.0
heavy_tail_demand,fgd,1.0,3,300,300,0.0,40.29322180885341,373.3131623258745,7488.9376717814275,0.0,0.0
heavy_tail_demand,w_fgd,1.0,1,300,300,0.0,37.518923725393165,360.1768185484228,7488.9376717814275,0.0,0.0
heavy_tail_demand,w_fgd,1.0,2,300,300,0.0,37.518923725393165,360.1768185484228,7488.9376717814275,0.0,0.0
heavy_tail_demand,w_fgd,1.0,3,300,300,0.0,37.518923725393165,360.1768185484228,7488.9376717814275,0.0,0.0
heavy_tail_demand,w_fgd_balanced,1.0,1,300,300,0.0,39.834231930136276,360.1768185484228,7488.9376717814275,0.0,0.0
heavy_tail_demand,w_fgd_balanced,1.0,2,300,300,0.0,39.834231930136276,360.1768185484228,7488.9376717814275,0.0,0.0
heavy_tail_demand,w_fgd_balanced,1.0,3,300,300,0.0,39.834231930136276,360.1768185484228,7488.9376717814275,0.0,0.0
high_contention,random,1.0,1,300,291,0.03,48.38236846975698,220.30560148688406,7528.580890319436,0.0,0.0
high_contention,random,1.0,2,300,291,0.03,54.96759255056846,271.1724805033717,7607.015449428578,0.0,0.0
high_contention,random,1.0,3,300,291,0.03,53.78386417424271,245.7091013028625,7574.40611599504,0.0,0.0
high_contention,first_fit,1.0,1,300,291,0.03,55.181609232098815,271.1724805033717,7607.015449428578,0.0,0.0
high_contention,first_fit,1.0,2,300,291,0.03,55.181609232098815,271.1724805033717,7607.015449428578,0.0,0.0
high_contention,first_fit,1.0,3,300,291,0.03,55.181609232098815,271.1724805033717,7607.015449428578,0.0,0.0
high_contention,best_fit,1.0,1,300,291,0.03,56.76874714176384,271.1724805033717,7607.015449428578,0.0,0.0
high_contention,best_fit,1.0,2,300,291,0.03,56.76874714176384,271.1724805033717,7607.015449428578,0.0,0.0
high_contention,best_fit,1.0,3,300,291,0.03,56.76874714176384,271.1724805033717,7607.015449428578,0.0,0.0
high_contention,worst_fit,1.0,1,300,291,0.03,44.61413398425231,244.39378807706,7487.252805731169,0.0,0.0
high_contention,worst_fit,1.0,2,300,291,0.03,44.61413398425231,244.39378807706,7487.252805731169,0.0,0.0
high_contention,worst_fit,1.0,3,300,291,0.03,44.61413398425231,244.39378807706,7487.252805731169,0.0,0.0
high_contention,round_robin,1.0,1,300,291,0.03,48.49613242939935,220.30560148688406,7528.580890319436,0.0,0.0
high_contention,round_robin,1.0,2,300,291,0.03,48.49613242939935,220.30560148688406,7528.580890319436,0.0,0.0
high_contention,round_robin,1.0,3,300,291,0.03,48.49613242939935,220.30560148688406,7528.580890319436,0.0,0.0
high_contention,gpu_packing,1.0,1,300,291,0.03,55.76470415984062,271.1724805033717,7607.015449428578,0.0,0.0
high_contention,gpu_packing,1.0,2,300,291,0.03,55.76470415984062,271.1724805033717,7607.015449428578,0.0,0.0
high_contention,gpu_packing,1.0,3,300,291,0.03,55.76470415984062,271.1724805033717,7607.015449428578,0.0,0.0
high_contention,least_requested,1.0,1,300,291,0.03,44.66774527065518,288.6824090894992,7487.252805731169,0.0,0.0
high_contention,least_requested,1.0,2,300,291,0.03,44.66774527065518,288.6824090894992,7487.252805731169,0.0,0.0
high_contention,least_requested,1.0,3,300,291,0.03,44.66774527065518,288.6824090894992,7487.252805731169,0.0,0.0
high_contention,fgd,1.0,1,300,291,0.03,52.30714178568308,245.7091013028625,7574.40611599504,0.0,0.0
high_contention,fgd,1.0,2,300,291,0.03,52.30714178568308,245.7091013028625,7574.40611599504,0.0,0.0
high_contention,fgd,1.0,3,300,291,0.03,52.30714178568308,245.7091013028625,7574.40611599504,0.0,0.0
high_contention,w_fgd,1.0,1,300,291,0.03,52.26329941832252,245.7091013028625,7574.40611599504,0.0,0.0
high_contention,w_fgd,1.0,2,300,291,0.03,52.26329941832252,245.7091013028625,7574.40611599504,0.0,0.0
high_contention,w_fgd,1.0,3,300,291,0.03,52.26329941832252,245.7091013028625,7574.40611599504,0.0,0.0
high_contention,w_fgd_balanced,1.0,1,300,291,0.03,46.28990452847116,295.4733483373269,7487.252805731169,0.0,0.0
high_contention,w_fgd_balanced,1.0,2,300,291,0.03,46.28990452847116,295.4733483373269,7487.252805731169,0.0,0.0
high_contention,w_fgd_balanced,1.0,3,300,291,0.03,46.28990452847116,295.4733483373269,7487.252805731169,0.0,0.0
llm_inference_bursty,random,1.0,1,300,300,0.0,0.0,0.0,33.941469717617366,0.0,0.0
llm_inference_bursty,random,1.0,2,300,300,0.0,0.0,0.0,33.941469717617366,0.0,0.0
llm_inference_bursty,random,1.0,3,300,300,0.0,0.0,0.0,33.941469717617366,0.0,0.0
llm_inference_bursty,first_fit,1.0,1,300,300,0.0,0.0,0.0,33.941469717617366,0.0,0.0
llm_inference_bursty,first_fit,1.0,2,300,300,0.0,0.0,0.0,33.941469717617366,0.0,0.0
llm_inference_bursty,first_fit,1.0,3,300,300,0.0,0.0,0.0,33.941469717617366,0.0,0.0
llm_inference_bursty,best_fit,1.0,1,300,300,0.0,0.0,0.0,33.941469717617366,0.0,0.0
llm_inference_bursty,best_fit,1.0,2,300,300,0.0,0.0,0.0,33.941469717617366,0.0,0.0
llm_inference_bursty,best_fit,1.0,3,300,300,0.0,0.0,0.0,33.941469717617366,0.0,0.0
llm_inference_bursty,worst_fit,1.0,1,300,300,0.0,0.0,0.0,33.941469717617366,0.0,0.0
llm_inference_bursty,worst_fit,1.0,2,300,300,0.0,0.0,0.0,33.941469717617366,0.0,0.0
llm_inference_bursty,worst_fit,1.0,3,300,300,0.0,0.0,0.0,33.941469717617366,0.0,0.0
llm_inference_bursty,round_robin,1.0,1,300,300,0.0,0.0,0.0,33.941469717617366,0.0,0.0
llm_inference_bursty,round_robin,1.0,2,300,300,0.0,0.0,0.0,33.941469717617366,0.0,0.0
llm_inference_bursty,round_robin,1.0,3,300,300,0.0,0.0,0.0,33.941469717617366,0.0,0.0
llm_inference_bursty,gpu_packing,1.0,1,300,300,0.0,0.0,0.0,33.941469717617366,0.0,0.0
llm_inference_bursty,gpu_packing,1.0,2,300,300,0.0,0.0,0.0,33.941469717617366,0.0,0.0
llm_inference_bursty,gpu_packing,1.0,3,300,300,0.0,0.0,0.0,33.941469717617366,0.0,0.0
llm_inference_bursty,least_requested,1.0,1,300,300,0.0,0.0,0.0,33.941469717617366,0.0,0.0
llm_inference_bursty,least_requested,1.0,2,300,300,0.0,0.0,0.0,33.941469717617366,0.0,0.0
llm_inference_bursty,least_requested,1.0,3,300,300,0.0,0.0,0.0,33.941469717617366,0.0,0.0
llm_inference_bursty,fgd,1.0,1,300,300,0.0,0.0,0.0,33.941469717617366,0.0,0.0
llm_inference_bursty,fgd,1.0,2,300,300,0.0,0.0,0.0,33.941469717617366,0.0,0.0
llm_inference_bursty,fgd,1.0,3,300,300,0.0,0.0,0.0,33.941469717617366,0.0,0.0
llm_inference_bursty,w_fgd,1.0,1,300,300,0.0,0.0,0.0,33.941469717617366,0.0,0.0
llm_inference_bursty,w_fgd,1.0,2,300,300,0.0,0.0,0.0,33.941469717617366,0.0,0.0
llm_inference_bursty,w_fgd,1.0,3,300,300,0.0,0.0,0.0,33.941469717617366,0.0,0.0
llm_inference_bursty,w_fgd_balanced,1.0,1,300,300,0.0,0.0,0.0,33.941469717617366,0.0,0.0
llm_inference_bursty,w_fgd_balanced,1.0,2,300,300,0.0,0.0,0.0,33.941469717617366,0.0,0.0
llm_inference_bursty,w_fgd_balanced,1.0,3,300,300,0.0,0.0,0.0,33.941469717617366,0.0,0.0
long_context_kv_pressure,random,1.0,1,300,300,0.0,66.25898805004587,378.55948586641347,19830.686911363926,0.0,0.0
long_context_kv_pressure,random,1.0,2,300,300,0.0,64.31939525596238,433.9765697227356,19830.686911363926,0.0,0.0
long_context_kv_pressure,random,1.0,3,300,300,0.0,73.85972491478226,426.69250509437734,19830.686911363926,0.0,0.0
long_context_kv_pressure,first_fit,1.0,1,300,300,0.0,69.70417574943534,426.04796652455434,19830.686911363926,0.0,0.0
long_context_kv_pressure,first_fit,1.0,2,300,300,0.0,69.70417574943534,426.04796652455434,19830.686911363926,0.0,0.0
long_context_kv_pressure,first_fit,1.0,3,300,300,0.0,69.70417574943534,426.04796652455434,19830.686911363926,0.0,0.0
long_context_kv_pressure,best_fit,1.0,1,300,300,0.0,70.21621094152655,426.04796652455434,19830.686911363926,0.0,0.0
long_context_kv_pressure,best_fit,1.0,2,300,300,0.0,70.21621094152655,426.04796652455434,19830.686911363926,0.0,0.0
long_context_kv_pressure,best_fit,1.0,3,300,300,0.0,70.21621094152655,426.04796652455434,19830.686911363926,0.0,0.0
long_context_kv_pressure,worst_fit,1.0,1,300,300,0.0,54.544341175669345,356.75325295426705,19830.686911363926,0.0,0.0
long_context_kv_pressure,worst_fit,1.0,2,300,300,0.0,54.544341175669345,356.75325295426705,19830.686911363926,0.0,0.0
long_context_kv_pressure,worst_fit,1.0,3,300,300,0.0,54.544341175669345,356.75325295426705,19830.686911363926,0.0,0.0
long_context_kv_pressure,round_robin,1.0,1,300,300,0.0,69.51562052956018,421.34790980913846,19830.686911363926,0.0,0.0
long_context_kv_pressure,round_robin,1.0,2,300,300,0.0,69.51562052956018,421.34790980913846,19830.686911363926,0.0,0.0
long_context_kv_pressure,round_robin,1.0,3,300,300,0.0,69.51562052956018,421.34790980913846,19830.686911363926,0.0,0.0
long_context_kv_pressure,gpu_packing,1.0,1,300,300,0.0,65.50736257002946,426.04796652455434,19830.686911363926,0.0,0.0
long_context_kv_pressure,gpu_packing,1.0,2,300,300,0.0,65.50736257002946,426.04796652455434,19830.686911363926,0.0,0.0
long_context_kv_pressure,gpu_packing,1.0,3,300,300,0.0,65.50736257002946,426.04796652455434,19830.686911363926,0.0,0.0
long_context_kv_pressure,least_requested,1.0,1,300,300,0.0,69.19330231320136,559.2572976178586,19830.686911363926,0.0,0.0
long_context_kv_pressure,least_requested,1.0,2,300,300,0.0,69.19330231320136,559.2572976178586,19830.686911363926,0.0,0.0
long_context_kv_pressure,least_requested,1.0,3,300,300,0.0,69.19330231320136,559.2572976178586,19830.686911363926,0.0,0.0
long_context_kv_pressure,fgd,1.0,1,300,300,0.0,62.264206547219096,433.9765697227356,19830.686911363926,0.0,0.0
long_context_kv_pressure,fgd,1.0,2,300,300,0.0,62.264206547219096,433.9765697227356,19830.686911363926,0.0,0.0
long_context_kv_pressure,fgd,1.0,3,300,300,0.0,62.264206547219096,433.9765697227356,19830.686911363926,0.0,0.0
long_context_kv_pressure,w_fgd,1.0,1,300,300,0.0,62.496573856204996,426.04796652455434,19830.686911363926,0.0,0.0
long_context_kv_pressure,w_fgd,1.0,2,300,300,0.0,62.496573856204996,426.04796652455434,19830.686911363926,0.0,0.0
long_context_kv_pressure,w_fgd,1.0,3,300,300,0.0,62.496573856204996,426.04796652455434,19830.686911363926,0.0,0.0
long_context_kv_pressure,w_fgd_balanced,1.0,1,300,300,0.0,102.9941556891626,568.0695360434281,19830.686911363926,0.0,0.0
long_context_kv_pressure,w_fgd_balanced,1.0,2,300,300,0.0,102.9941556891626,568.0695360434281,19830.686911363926,0.0,0.0
long_context_kv_pressure,w_fgd_balanced,1.0,3,300,300,0.0,102.9941556891626,568.0695360434281,19830.686911363926,0.0,0.0
moe_expert_load_skew,random,1.0,1,300,300,0.0,57.436440410775674,424.8045481799289,7397.4478257744695,0.0,0.0
moe_expert_load_skew,random,1.0,2,300,300,0.0,64.18361930134435,434.4987674614735,7397.4478257744695,0.0,0.0
moe_expert_load_skew,random,1.0,3,300,300,0.0,59.3915978710284,419.3766117443117,7397.4478257744695,0.0,0.0
moe_expert_load_skew,first_fit,1.0,1,300,300,0.0,58.759372947502015,286.6537203894741,7397.4478257744695,0.0,0.0
moe_expert_load_skew,first_fit,1.0,2,300,300,0.0,58.759372947502015,286.6537203894741,7397.4478257744695,0.0,0.0
moe_expert_load_skew,first_fit,1.0,3,300,300,0.0,58.759372947502015,286.6537203894741,7397.4478257744695,0.0,0.0
moe_expert_load_skew,best_fit,1.0,1,300,300,0.0,58.573254232397815,448.1703603312405,7397.4478257744695,0.0,0.0
moe_expert_load_skew,best_fit,1.0,2,300,300,0.0,58.573254232397815,448.1703603312405,7397.4478257744695,0.0,0.0
moe_expert_load_skew,best_fit,1.0,3,300,300,0.0,58.573254232397815,448.1703603312405,7397.4478257744695,0.0,0.0
moe_expert_load_skew,worst_fit,1.0,1,300,300,0.0,58.41460754120488,376.1858808150606,7397.4478257744695,0.0,0.0
moe_expert_load_skew,worst_fit,1.0,2,300,300,0.0,58.41460754120488,376.1858808150606,7397.4478257744695,0.0,0.0
moe_expert_load_skew,worst_fit,1.0,3,300,300,0.0,58.41460754120488,376.1858808150606,7397.4478257744695,0.0,0.0
moe_expert_load_skew,round_robin,1.0,1,300,300,0.0,58.915354221834725,429.6348785348127,7397.4478257744695,0.0,0.0
moe_expert_load_skew,round_robin,1.0,2,300,300,0.0,58.915354221834725,429.6348785348127,7397.4478257744695,0.0,0.0
moe_expert_load_skew,round_robin,1.0,3,300,300,0.0,58.915354221834725,429.6348785348127,7397.4478257744695,0.0,0.0
moe_expert_load_skew,gpu_packing,1.0,1,300,300,0.0,58.99187976305476,448.1703603312405,7397.4478257744695,0.0,0.0
moe_expert_load_skew,gpu_packing,1.0,2,300,300,0.0,58.99187976305476,448.1703603312405,7397.4478257744695,0.0,0.0
moe_expert_load_skew,gpu_packing,1.0,3,300,300,0.0,58.99187976305476,448.1703603312405,7397.4478257744695,0.0,0.0
moe_expert_load_skew,least_requested,1.0,1,300,300,0.0,58.952810403520246,368.5273015287815,7397.4478257744695,0.0,0.0
moe_expert_load_skew,least_requested,1.0,2,300,300,0.0,58.952810403520246,368.5273015287815,7397.4478257744695,0.0,0.0
moe_expert_load_skew,least_requested,1.0,3,300,300,0.0,58.952810403520246,368.5273015287815,7397.4478257744695,0.0,0.0
moe_expert_load_skew,fgd,1.0,1,300,300,0.0,58.36578312049396,424.8045481799289,7397.4478257744695,0.0,0.0
moe_expert_load_skew,fgd,1.0,2,300,300,0.0,58.36578312049396,424.8045481799289,7397.4478257744695,0.0,0.0
moe_expert_load_skew,fgd,1.0,3,300,300,0.0,58.36578312049396,424.8045481799289,7397.4478257744695,0.0,0.0
moe_expert_load_skew,w_fgd,1.0,1,300,300,0.0,58.86120581360352,441.28970670930124,7397.4478257744695,0.0,0.0
moe_expert_load_skew,w_fgd,1.0,2,300,300,0.0,58.86120581360352,441.28970670930124,7397.4478257744695,0.0,0.0
moe_expert_load_skew,w_fgd,1.0,3,300,300,0.0,58.86120581360352,441.28970670930124,7397.4478257744695,0.0,0.0
moe_expert_load_skew,w_fgd_balanced,1.0,1,300,300,0.0,54.13364930344706,437.8594950693626,7397.4478257744695,0.0,0.0
moe_expert_load_skew,w_fgd_balanced,1.0,2,300,300,0.0,54.13364930344706,437.8594950693626,7397.4478257744695,0.0,0.0
moe_expert_load_skew,w_fgd_balanced,1.0,3,300,300,0.0,54.13364930344706,437.8594950693626,7397.4478257744695,0.0,0.0
resource_starvation,random,1.0,1,300,294,0.02,41.045258652417324,332.06185766343555,7488.9376717814275,0.0,0.0
resource_starvation,random,1.0,2,300,294,0.02,40.42282273041518,331.2773919657211,7488.9376717814275,0.0,0.0
resource_starvation,random,1.0,3,300,294,0.02,43.58051259277726,322.5046956290543,7488.9376717814275,0.0,0.0
resource_starvation,first_fit,1.0,1,300,294,0.02,44.01484867768331,368.6277847434449,7488.9376717814275,0.0,0.0
resource_starvation,first_fit,1.0,2,300,294,0.02,44.01484867768331,368.6277847434449,7488.9376717814275,0.0,0.0
resource_starvation,first_fit,1.0,3,300,294,0.02,44.01484867768331,368.6277847434449,7488.9376717814275,0.0,0.0
resource_starvation,best_fit,1.0,1,300,294,0.02,43.1462510408866,383.1313325384383,7488.9376717814275,0.0,0.0
resource_starvation,best_fit,1.0,2,300,294,0.02,43.1462510408866,383.1313325384383,7488.9376717814275,0.0,0.0
resource_starvation,best_fit,1.0,3,300,294,0.02,43.1462510408866,383.1313325384383,7488.9376717814275,0.0,0.0
resource_starvation,worst_fit,1.0,1,300,294,0.02,40.719036809807434,308.56481131189787,7488.9376717814275,0.0,0.0
resource_starvation,worst_fit,1.0,2,300,294,0.02,40.719036809807434,308.56481131189787,7488.9376717814275,0.0,0.0
resource_starvation,worst_fit,1.0,3,300,294,0.02,40.719036809807434,308.56481131189787,7488.9376717814275,0.0,0.0
resource_starvation,round_robin,1.0,1,300,294,0.02,39.66135041688633,306.10615014041184,7488.9376717814275,0.0,0.0
resource_starvation,round_robin,1.0,2,300,294,0.02,39.66135041688633,306.10615014041184,7488.9376717814275,0.0,0.0
resource_starvation,round_robin,1.0,3,300,294,0.02,39.66135041688633,306.10615014041184,7488.9376717814275,0.0,0.0
resource_starvation,gpu_packing,1.0,1,300,294,0.02,46.278589075794095,325.4689559867381,7488.9376717814275,0.0,0.0
resource_starvation,gpu_packing,1.0,2,300,294,0.02,46.278589075794095,325.4689559867381,7488.9376717814275,0.0,0.0
resource_starvation,gpu_packing,1.0,3,300,294,0.02,46.278589075794095,325.4689559867381,7488.9376717814275,0.0,0.0
resource_starvation,least_requested,1.0,1,300,294,0.02,41.5871815595734,303.6495725209842,7488.9376717814275,0.0,0.0
resource_starvation,least_requested,1.0,2,300,294,0.02,41.5871815595734,303.6495725209842,7488.9376717814275,0.0,0.0
resource_starvation,least_requested,1.0,3,300,294,0.02,41.5871815595734,303.6495725209842,7488.9376717814275,0.0,0.0
resource_starvation,fgd,1.0,1,300,294,0.02,40.18857683967142,325.4689559867381,7488.9376717814275,0.0,0.0
resource_starvation,fgd,1.0,2,300,294,0.02,40.18857683967142,325.4689559867381,7488.9376717814275,0.0,0.0
resource_starvation,fgd,1.0,3,300,294,0.02,40.18857683967142,325.4689559867381,7488.9376717814275,0.0,0.0
resource_starvation,w_fgd,1.0,1,300,294,0.02,40.8843519697955,303.6495725209842,7488.9376717814275,0.0,0.0
resource_starvation,w_fgd,1.0,2,300,294,0.02,40.8843519697955,303.6495725209842,7488.9376717814275,0.0,0.0
resource_starvation,w_fgd,1.0,3,300,294,0.02,40.8843519697955,303.6495725209842,7488.9376717814275,0.0,0.0
resource_starvation,w_fgd_balanced,1.0,1,300,294,0.02,41.377900471863974,293.83140230842037,7488.9376717814275,0.0,0.0
resource_starvation,w_fgd_balanced,1.0,2,300,294,0.02,41.377900471863974,293.83140230842037,7488.9376717814275,0.0,0.0
resource_starvation,w_fgd_balanced,1.0,3,300,294,0.02,41.377900471863974,293.83140230842037,7488.9376717814275,0.0,0.0
spot_preemption_churn,random,1.0,1,300,300,0.0,33.83209374461248,184.03967984665988,6796.03164919013,0.0,0.0
spot_preemption_churn,random,1.0,2,300,300,0.0,35.06882593324692,216.20355089967848,6657.071434822113,0.0,0.0
spot_preemption_churn,random,1.0,3,300,300,0.0,36.48889274032558,184.03967984665988,6836.11368031388,0.0,0.0
spot_preemption_churn,first_fit,1.0,1,300,300,0.0,36.69474092252434,170.09905291792376,6776.69337687244,0.0,0.0
spot_preemption_churn,first_fit,1.0,2,300,300,0.0,36.69474092252434,170.09905291792376,6776.69337687244,0.0,0.0
spot_preemption_churn,first_fit,1.0,3,300,300,0.0,36.69474092252434,170.09905291792376,6776.69337687244,0.0,0.0
spot_preemption_churn,best_fit,1.0,1,300,300,0.0,34.11564619419544,177.74908251391162,6801.742171591787,0.0,0.0
spot_preemption_churn,best_fit,1.0,2,300,300,0.0,34.11564619419544,177.74908251391162,6801.742171591787,0.0,0.0
spot_preemption_churn,best_fit,1.0,3,300,300,0.0,34.11564619419544,177.74908251391162,6801.742171591787,0.0,0.0
spot_preemption_churn,worst_fit,1.0,1,300,300,0.0,35.53657526729706,191.21669369677545,6769.885176666261,0.0,0.0
spot_preemption_churn,worst_fit,1.0,2,300,300,0.0,35.53657526729706,191.21669369677545,6769.885176666261,0.0,0.0
spot_preemption_churn,worst_fit,1.0,3,300,300,0.0,35.53657526729706,191.21669369677545,6769.885176666261,0.0,0.0
spot_preemption_churn,round_robin,1.0,1,300,300,0.0,31.46035939349687,178.38290980828586,6796.03164919013,0.0,0.0
spot_preemption_churn,round_robin,1.0,2,300,300,0.0,31.46035939349687,178.38290980828586,6796.03164919013,0.0,0.0
spot_preemption_churn,round_robin,1.0,3,300,300,0.0,31.46035939349687,178.38290980828586,6796.03164919013,0.0,0.0
spot_preemption_churn,gpu_packing,1.0,1,300,300,0.0,33.60555807629659,164.1392086648274,6479.01219655601,0.0,0.0
spot_preemption_churn,gpu_packing,1.0,2,300,300,0.0,33.60555807629659,164.1392086648274,6479.01219655601,0.0,0.0
spot_preemption_churn,gpu_packing,1.0,3,300,300,0.0,33.60555807629659,164.1392086648274,6479.01219655601,0.0,0.0
spot_preemption_churn,least_requested,1.0,1,300,300,0.0,33.715773996234994,248.78383400969938,6827.452316979185,0.0,0.0
spot_preemption_churn,least_requested,1.0,2,300,300,0.0,33.715773996234994,248.78383400969938,6827.452316979185,0.0,0.0
spot_preemption_churn,least_requested,1.0,3,300,300,0.0,33.715773996234994,248.78383400969938,6827.452316979185,0.0,0.0
spot_preemption_churn,fgd,1.0,1,300,300,0.0,33.75786988938823,198.02489390295443,6796.03164919013,0.0,0.0
spot_preemption_churn,fgd,1.0,2,300,300,0.0,33.75786988938823,198.02489390295443,6796.03164919013,0.0,0.0
spot_preemption_churn,fgd,1.0,3,300,300,0.0,33.75786988938823,198.02489390295443,6796.03164919013,0.0,0.0
spot_preemption_churn,w_fgd,1.0,1,300,300,0.0,37.23326191201944,178.38290980828586,6796.03164919013,0.0,0.0
spot_preemption_churn,w_fgd,1.0,2,300,300,0.0,37.23326191201944,178.38290980828586,6796.03164919013,0.0,0.0
spot_preemption_churn,w_fgd,1.0,3,300,300,0.0,37.23326191201944,178.38290980828586,6796.03164919013,0.0,0.0
spot_preemption_churn,w_fgd_balanced,1.0,1,300,300,0.0,29.56820139423071,200.27127936054575,6283.507694476999,0.0,0.0
spot_preemption_churn,w_fgd_balanced,1.0,2,300,300,0.0,29.56820139423071,200.27127936054575,6283.507694476999,0.0,0.0
spot_preemption_churn,w_fgd_balanced,1.0,3,300,300,0.0,29.56820139423071,200.27127936054575,6283.507694476999,0.0,0.0
