policy,workload,n_pods,seed,scheduled,unscheduled,alloc_ratio_cpu,alloc_ratio_gpu,alloc_ratio_milli_gpu,frag_ratio,elapsed_sec,frag_pct_q1_lack_both,frag_pct_q2_lack_gpu,frag_pct_q3_satisfied,frag_pct_q4_lack_cpu,frag_pct_xl_satisfied,frag_pct_xr_lack_cpu,frag_pct_no_access
random,openb_pod_list_default.csv,150,0,150,0,0.1225079545454546,0.18414596273291928,0.18414596273291928,0.05660879329848411,0.0339052677154541,0.11355521112704527,3.696512785460298,94.33912067015159,1.850811333261063,0.0,0.0,0.0
first-fit,openb_pod_list_default.csv,150,0,150,0,0.1225079545454546,0.18414596273291928,0.18414596273291928,0.027202772493199915,0.0361480712890625,0.6621950725023853,0.6303152072542934,97.27972275068001,1.4277669695633144,0.0,0.0,0.0
worst-fit,openb_pod_list_default.csv,150,0,149,1,0.11729691558441557,0.17172360248447205,0.17172360248447205,0.04427991193657215,0.05306077003479004,0.0,3.6047399708031107,95.5720088063428,0.8232512228541062,0.0,0.0,0.0
round-robin,openb_pod_list_default.csv,150,0,150,0,0.1225079545454546,0.18414596273291928,0.18414596273291928,0.04081326136193432,0.031900882720947266,0.3096339670137524,3.1307848198053203,95.91867386380657,0.6409073493743602,0.0,0.0,0.0
best-fit,openb_pod_list_default.csv,150,0,150,0,0.1225079545454546,0.18414596273291928,0.18414596273291928,0.0355358093017213,0.04458808898925781,0.8118297677259084,0.772233361441127,96.44641906982785,1.9695178010050953,0.0,0.0,0.0
dot-product,openb_pod_list_default.csv,150,0,150,0,0.1225079545454546,0.18414596273291928,0.18414596273291928,0.027202772493199915,0.04994010925292969,0.6621950725023853,0.6303152072542934,97.27972275068001,1.4277669695633144,0.0,0.0,0.0
drf,openb_pod_list_default.csv,150,0,149,1,0.11729691558441557,0.17172360248447205,0.17172360248447205,0.04579681344719739,0.04694175720214844,0.0,3.7564301218656344,95.42031865528025,0.8232512228541062,0.0,0.0,0.0
least-requested,openb_pod_list_default.csv,150,0,149,1,0.11729691558441557,0.17172360248447205,0.17172360248447205,0.04619091440388053,0.04615211486816406,0.0,3.795840217533946,95.38090855961195,0.823251222854106,0.0,0.0,0.0
gpu-packing,openb_pod_list_default.csv,150,0,150,0,0.1225079545454546,0.18414596273291928,0.18414596273291928,0.025522924953845564,0.04392504692077637,0.49373449968264954,0.6296945739269456,97.44770750461545,1.4288634217749618,0.0,0.0,0.0
gpu-clustering,openb_pod_list_default.csv,150,0,150,0,0.1225079545454546,0.18414596273291928,0.18414596273291928,0.027287178625719204,0.03524899482727051,0.6820346511999326,0.7441807350450124,97.27128213742809,1.3025024763269761,0.0,0.0,0.0
fgd,openb_pod_list_default.csv,150,0,150,0,0.1225079545454546,0.18414596273291928,0.18414596273291928,0.014665979280777001,0.7085356712341309,0.7257065496676303,0.6374111149636351,98.53340207192231,0.10348026344643481,0.0,0.0,0.0
htafm,openb_pod_list_default.csv,150,0,150,0,0.1225079545454546,0.18414596273291928,0.18414596273291928,0.03544354181372227,0.03768801689147949,0.3684906942238898,1.674158400520339,96.45564581862777,1.5017050866280002,0.0,0.0,0.0
random,openb_pod_list_default.csv,150,1,150,0,0.13379577922077923,0.1719875776397516,0.1719875776397516,0.1773530125836537,0.032102108001708984,0.06341835627686458,2.577447020970606,82.26469874163465,1.1159412574619916,13.50179829857322,0.4766963250826959,0.0
first-fit,openb_pod_list_default.csv,150,1,150,0,0.13379577922077923,0.1719875776397516,0.1719875776397516,0.16175229858773676,0.03517317771911621,0.5706845472151165,0.5502374205808587,83.82477014122634,1.0758132673217793,13.527205970722282,0.45128865293361736,0.0
worst-fit,openb_pod_list_default.csv,150,1,150,0,0.13379577922077923,0.1719875776397516,0.1719875776397516,0.17060102453413212,0.05249500274658203,0.0,2.4524654717801417,82.9398975465868,0.6291423579771619,13.66392344466732,0.3145711789885809,0.0
round-robin,openb_pod_list_default.csv,150,1,150,0,0.13379577922077923,0.1719875776397516,0.1719875776397516,0.18143941318763035,0.03137707710266113,0.12560665858460715,2.6867403408499717,81.85605868123697,1.353099695672549,13.412790786774767,0.5657038368811317,0.0
best-fit,openb_pod_list_default.csv,150,1,150,0,0.13379577922077923,0.1719875776397516,0.1719875776397516,0.17207668600069542,0.04443073272705078,0.5236601889201571,0.6823774805752286,82.79233139993048,2.023136306918224,13.563784952689298,0.41470967096661215,0.0
dot-product,openb_pod_list_default.csv,150,1,150,0,0.13379577922077923,0.1719875776397516,0.1719875776397516,0.16175229858773676,0.04918313026428223,0.5706845472151165,0.5502374205808587,83.82477014122634,1.0758132673217793,13.527205970722282,0.45128865293361736,0.0
drf,openb_pod_list_default.csv,150,1,150,0,0.13379577922077923,0.1719875776397516,0.1719875776397516,0.17488141069848506,0.04596900939941406,0.0,2.8805040882154374,82.5118589301515,0.6291423579771623,13.45908921157976,0.5194054120761457,0.0
least-requested,openb_pod_list_default.csv,150,1,150,0,0.13379577922077923,0.1719875776397516,0.1719875776397516,0.1746132186035782,0.045107126235961914,0.0,2.8536848787247453,82.5386781396422,0.6291423579771623,13.475543704019172,0.502950919636743,0.0
gpu-packing,openb_pod_list_default.csv,150,1,150,0,0.13379577922077923,0.1719875776397516,0.1719875776397516,0.15973198535550187,0.03945326805114746,0.6263999425705941,0.43015592244771805,84.02680146444985,0.9381480468759439,13.723570979760161,0.2549236438957459,0.0
gpu-clustering,openb_pod_list_default.csv,150,1,150,0,0.13379577922077923,0.1719875776397516,0.1719875776397516,0.15973198535550187,0.03396201133728027,0.6263999425705941,0.43015592244771805,84.02680146444985,0.9381480468759439,13.723570979760161,0.2549236438957459,0.0
fgd,openb_pod_list_default.csv,150,1,150,0,0.13379577922077923,0.1719875776397516,0.1719875776397516,0.1520018019282407,0.6512160301208496,0.5662281221794452,0.5001278449535113,84.79981980717596,0.15532960203519464,13.651481751241937,0.32701287241396215,0.0
htafm,openb_pod_list_default.csv,150,1,150,0,0.13379577922077923,0.1719875776397516,0.1719875776397516,0.17565352162434877,0.0372469425201416,0.3427615961825573,1.0575036115191108,82.43464783756514,2.186592331077291,13.362822364881582,0.6156722587743169,0.0
random,openb_pod_list_cpu300.csv,150,0,150,0,0.14246493506493507,0.1365993788819876,0.1365993788819876,0.4035702640379897,0.03585505485534668,0.14542146224515565,1.680527872674996,59.64297359620101,0.4875988080092642,36.787290175928895,1.2561880849406775,0.0
first-fit,openb_pod_list_cpu300.csv,150,0,150,0,0.14246493506493507,0.1365993788819876,0.1365993788819876,0.3896915946824888,0.03855490684509277,0.42078195655692663,0.3563304763818657,61.03084053175111,0.14856877444054092,36.648788890808994,1.3946893700605778,0.0
worst-fit,openb_pod_list_cpu300.csv,150,0,150,0,0.14246493506493507,0.1365993788819876,0.1365993788819876,0.3994162029105398,0.056284189224243164,0.0,1.7495732557439418,60.058379708945985,0.14856877444054079,36.995677430604665,1.0478008302648665,0.0
round-robin,openb_pod_list_cpu300.csv,150,0,150,0,0.14246493506493507,0.1365993788819876,0.1365993788819876,0.40805508617379843,0.034399986267089844,0.03860833283158791,1.7826493565799155,59.19449138262014,0.9407726670988197,36.10238812575797,1.9410901351115721,0.0
best-fit,openb_pod_list_cpu300.csv,150,0,150,0,0.14246493506493507,0.1365993788819876,0.1365993788819876,0.397120033404516,0.09152483940124512,0.3696430205126562,0.4857612468517105,60.28799665954837,0.8131208122176709,37.30454409325742,0.7389341676121637,0.0
dot-product,openb_pod_list_cpu300.csv,150,0,150,0,0.14246493506493507,0.1365993788819876,0.1365993788819876,0.3896915946824888,0.0599360466003418,0.42078195655692663,0.3563304763818657,61.03084053175111,0.14856877444054092,36.648788890808994,1.3946893700605778,0.0
drf,openb_pod_list_cpu300.csv,150,0,150,0,0.14246493506493507,0.1365993788819876,0.1365993788819876,0.4023414438851821,0.050865888595581055,0.0,2.0420973532081867,59.76585561148177,0.14856877444054087,36.40734508382011,1.6361331770494092,0.0
least-requested,openb_pod_list_cpu300.csv,150,0,150,0,0.14246493506493507,0.1365993788819876,0.1365993788819876,0.4013221838984283,0.048835039138793945,0.0,1.9401713545327943,59.86778161015715,0.1485687744405408,36.867947381631694,1.1755308792378265,0.0
gpu-packing,openb_pod_list_cpu300.csv,150,0,150,0,0.14246493506493507,0.1365993788819876,0.1365993788819876,0.4139391915825626,0.04121112823486328,0.2570435283050885,0.6162476375610013,58.60608084174375,2.477149731520586,35.33923333820744,2.7042449226621335,0.0
gpu-clustering,openb_pod_list_cpu300.csv,150,0,150,0,0.14246493506493507,0.1365993788819876,0.1365993788819876,0.41291523995030005,0.036306142807006836,0.2425580727971357,0.5283379298426971,58.70847600497,2.477149731520586,35.39191660756498,2.6515616533045994,0.0
fgd,openb_pod_list_cpu300.csv,150,0,150,0,0.14246493506493507,0.1365993788819876,0.1365993788819876,0.38873371705780635,0.49173593521118164,0.237338617168764,0.5272823096032511,61.12662829421935,0.06527251813907448,36.56697832225192,1.476499938617638,0.0
htafm,openb_pod_list_cpu300.csv,150,0,150,0,0.14246493506493507,0.1365993788819876,0.1365993788819876,0.3982272617445569,0.04156899452209473,0.5305273644133998,0.6929755901503596,60.17727382554428,0.5557449590223864,35.97133482788307,2.0721434329864916,0.0
random,openb_pod_list_cpu300.csv,150,1,150,0,0.13482451298701303,0.15184782608695657,0.15184782608695657,0.3523758181874626,0.03567314147949219,0.03134246025776036,1.805564510544199,64.76241818125376,0.7919791957703789,31.42233875647443,1.186356895699455,0.0
first-fit,openb_pod_list_cpu300.csv,150,1,150,0,0.13482451298701303,0.15184782608695657,0.15184782608695657,0.33705224061775946,0.040065765380859375,0.35031915579531003,0.5179366432563357,66.2947759382241,0.2282726105503296,31.807423168187427,0.8012724839864893,0.0
worst-fit,openb_pod_list_cpu300.csv,150,1,150,0,0.13482451298701303,0.15184782608695657,0.15184782608695657,0.348199808482643,0.05590701103210449,0.0,2.0043254585153174,65.18001915173573,0.2069597375750526,32.05547635365596,0.553219298517929,0.0
round-robin,openb_pod_list_cpu300.csv,150,1,150,0,0.13482451298701303,0.15184782608695657,0.15184782608695657,0.35780453130385426,0.0342252254486084,0.12065354701130226,1.9067160822840066,64.21954686961459,1.144387848916206,31.196235243173696,1.4124604090001998,0.0
best-fit,openb_pod_list_cpu300.csv,150,1,150,0,0.13482451298701303,0.15184782608695657,0.15184782608695657,0.34855442603298836,0.04772782325744629,0.7055138054084942,0.5058573585728688,65.1445573967012,1.035375787143501,31.76632972029394,0.8423659318799974,0.0
dot-product,openb_pod_list_cpu300.csv,150,1,150,0,0.13482451298701303,0.15184782608695657,0.15184782608695657,0.33705224061775946,0.05312085151672363,0.35031915579531003,0.5179366432563357,66.2947759382241,0.2282726105503296,31.807423168187427,0.8012724839864893,0.0
drf,openb_pod_list_cpu300.csv,150,1,150,0,0.13482451298701303,0.15184782608695657,0.15184782608695657,0.34891182957980016,0.04914498329162598,0.0,2.075527568231042,65.10881704202004,0.20695973757505257,31.76587202087423,0.8428236312996348,0.0
least-requested,openb_pod_list_cpu300.csv,150,1,150,0,0.13482451298701303,0.15184782608695657,0.15184782608695657,0.3478965328671962,0.048532962799072266,0.0,1.9739978969706664,65.21034671328042,0.20695973757505265,31.773215111563214,0.8354805406106742,0.0
gpu-packing,openb_pod_list_cpu300.csv,150,1,150,0,0.13482451298701303,0.15184782608695657,0.15184782608695657,0.3501311010337643,0.0417327880859375,0.4569432205959959,0.5119467508515193,64.9868898966236,1.4355244797549587,31.536027312317383,1.072668339856544,0.0
gpu-clustering,openb_pod_list_cpu300.csv,150,1,150,0,0.13482451298701303,0.15184782608695657,0.15184782608695657,0.3501311010337643,0.036699771881103516,0.4569432205959959,0.5119467508515193,64.9868898966236,1.4355244797549587,31.536027312317383,1.072668339856544,0.0
fgd,openb_pod_list_cpu300.csv,150,1,150,0,0.13482451298701303,0.15184782608695657,0.15184782608695657,0.33498264324200894,0.4755547046661377,0.43801834459273864,0.44205803947040556,66.50173567579917,0.009492287963778852,31.965548367684683,0.6431472844892426,0.0
htafm,openb_pod_list_cpu300.csv,150,1,150,0,0.13482451298701303,0.15184782608695657,0.15184782608695657,0.3482525434157756,0.042263031005859375,0.1578067999009775,0.9058866513357251,65.1747456584225,1.1528652381668765,31.24881097650768,1.3598846756662302,0.0
random,openb_pod_list_gpushare100.csv,150,0,150,0,0.0876350649350649,0.11484472049689443,0.11484472049689443,0.05030714218885225,0.03314781188964844,0.10542023366781278,4.363180653989196,94.96928578111476,0.5621133312282178,0.0,0.0,0.0
first-fit,openb_pod_list_gpushare100.csv,150,0,150,0,0.0876350649350649,0.11484472049689443,0.11484472049689443,0.02807441875423947,0.03456521034240723,0.40062978036629,1.6874181343999244,97.19255812457604,0.7193939606577316,0.0,0.0,0.0
worst-fit,openb_pod_list_gpushare100.csv,150,0,150,0,0.0876350649350649,0.11484472049689443,0.11484472049689443,0.04435434355483825,0.05127286911010742,0.0,4.245389212452927,95.56456564451618,0.19004514303089837,0.0,0.0,0.0
round-robin,openb_pod_list_gpushare100.csv,150,0,150,0,0.0876350649350649,0.11484472049689443,0.11484472049689443,0.056884714230580294,0.03014826774597168,0.13858676584099364,4.912831409491733,94.31152857694197,0.637053247725306,0.0,0.0,0.0
best-fit,openb_pod_list_gpushare100.csv,150,0,150,0,0.0876350649350649,0.11484472049689443,0.11484472049689443,0.04363436483989428,0.04388689994812012,1.1129335953032535,1.6214688150539145,95.63656351601057,1.6290340736322593,0.0,0.0,0.0
dot-product,openb_pod_list_gpushare100.csv,150,0,150,0,0.0876350649350649,0.11484472049689443,0.11484472049689443,0.02807441875423947,0.04876089096069336,0.40062978036629,1.6874181343999244,97.19255812457604,0.7193939606577316,0.0,0.0,0.0
drf,openb_pod_list_gpushare100.csv,150,0,150,0,0.0876350649350649,0.11484472049689443,0.11484472049689443,0.0496814551025659,0.045469045639038086,0.0,4.77810036722569,95.0318544897434,0.19004514303089837,0.0,0.0,0.0
least-requested,openb_pod_list_gpushare100.csv,150,0,150,0,0.0876350649350649,0.11484472049689443,0.11484472049689443,0.05070514057493041,0.0440828800201416,0.0,4.880468914462144,94.92948594250696,0.1900451430308984,0.0,0.0,0.0
gpu-packing,openb_pod_list_gpushare100.csv,150,0,150,0,0.0876350649350649,0.11484472049689443,0.11484472049689443,0.027928230182677236,0.039472103118896484,0.5042774776039107,1.8973449231632866,97.20717698173227,0.39120061750052626,0.0,0.0,0.0
gpu-clustering,openb_pod_list_gpushare100.csv,150,0,150,0,0.0876350649350649,0.11484472049689443,0.11484472049689443,0.027946503754122515,0.03328204154968262,0.4956158047388487,1.9078339531728765,97.20534962458774,0.39120061750052626,0.0,0.0,0.0
fgd,openb_pod_list_gpushare100.csv,150,0,150,0,0.0876350649350649,0.11484472049689443,0.11484472049689443,0.022239301920333077,1.0012660026550293,0.27265995953500344,1.908656263887915,97.7760698079667,0.04261396861038992,0.0,0.0,0.0
htafm,openb_pod_list_gpushare100.csv,150,0,150,0,0.0876350649350649,0.11484472049689443,0.11484472049689443,0.0424166140387809,0.03718113899230957,0.16380429443547817,3.1911503286319087,95.75833859612189,0.886706780810703,0.0,0.0,0.0
random,openb_pod_list_gpushare100.csv,150,1,150,0,0.09553116883116886,0.111444099378882,0.111444099378882,0.05027582149368842,0.03023695945739746,0.012912445850250568,4.4678033502457195,94.97241785063115,0.5468663532728677,0.0,0.0,0.0
first-fit,openb_pod_list_gpushare100.csv,150,1,150,0,0.09553116883116886,0.111444099378882,0.111444099378882,0.022615226589153156,0.045909881591796875,0.28630678806307486,1.5175521886110284,97.73847734108469,0.45766368224121223,0.0,0.0,0.0
worst-fit,openb_pod_list_gpushare100.csv,150,1,150,0,0.09553116883116886,0.111444099378882,0.111444099378882,0.040140619447891,0.05306601524353027,0.0,3.8897917892378153,95.98593805521091,0.12427015555128375,0.0,0.0,0.0
round-robin,openb_pod_list_gpushare100.csv,150,1,150,0,0.09553116883116886,0.111444099378882,0.111444099378882,0.05029135526313233,0.03026103973388672,0.05695068222373676,4.354406833305176,94.97086447368676,0.6177780107843193,0.0,0.0,0.0
best-fit,openb_pod_list_gpushare100.csv,150,1,150,0,0.09553116883116886,0.111444099378882,0.111444099378882,0.033605368470719814,0.04365205764770508,1.087441529920952,1.2202552586663866,96.63946315292802,1.0528400584846418,0.0,0.0,0.0
dot-product,openb_pod_list_gpushare100.csv,150,1,150,0,0.09553116883116886,0.111444099378882,0.111444099378882,0.022615226589153156,0.04907417297363281,0.28630678806307486,1.5175521886110284,97.73847734108469,0.45766368224121223,0.0,0.0,0.0
drf,openb_pod_list_gpushare100.csv,150,1,150,0,0.09553116883116886,0.111444099378882,0.111444099378882,0.04892380103571406,0.04413008689880371,0.0,4.768109948020121,95.1076198964286,0.1242701555512837,0.0,0.0,0.0
least-requested,openb_pod_list_gpushare100.csv,150,1,150,0,0.09553116883116886,0.111444099378882,0.111444099378882,0.048549825536351905,0.043410301208496094,0.0,4.730712398083902,95.14501744636482,0.12427015555128366,0.0,0.0,0.0
gpu-packing,openb_pod_list_gpushare100.csv,150,1,150,0,0.09553116883116886,0.111444099378882,0.111444099378882,0.04048197403142093,0.03908109664916992,0.5670408363381466,1.4851060276850605,95.9518025968579,1.9960505391188852,0.0,0.0,0.0
gpu-clustering,openb_pod_list_gpushare100.csv,150,1,150,0,0.09553116883116886,0.111444099378882,0.111444099378882,0.04048197403142093,0.03315877914428711,0.6667093845326373,1.5098629727362927,95.9518025968579,1.8716250458731625,0.0,0.0,0.0
fgd,openb_pod_list_gpushare100.csv,150,1,150,0,0.09553116883116886,0.111444099378882,0.111444099378882,0.019511385282141795,0.6521549224853516,0.31752966464533483,1.6336088635688446,98.04886147178581,0.0,0.0,0.0,0.0
htafm,openb_pod_list_gpushare100.csv,150,1,150,0,0.09553116883116886,0.111444099378882,0.111444099378882,0.04203030250074271,0.04196310043334961,0.1259788701901139,2.7668167617139177,95.79696974992574,1.3102346181702382,0.0,0.0,0.0
random,openb_pod_list_multigpu50.csv,150,0,150,0,0.17359415584415583,0.28756211180124225,0.28756211180124225,0.15798724751478402,0.027020931243896484,1.1240392103649153,6.76007802325464,84.2012752485216,1.4629946146330395,6.256015737767617,0.1955971654581874,0.0
first-fit,openb_pod_list_multigpu50.csv,150,0,150,0,0.17359415584415583,0.28756211180124225,0.28756211180124225,0.1029388087415482,0.02947998046875,0.7898178855866729,1.5550982403520275,89.7061191258452,1.4973518449903003,6.316761945875406,0.1348509573503966,0.0
worst-fit,openb_pod_list_multigpu50.csv,150,0,146,4,0.14628896103896105,0.23787267080745345,0.23787267080745345,0.1585075625480196,0.04848885536193848,1.5396536732235264,7.114616106401245,84.14924374519804,0.7448735719513914,6.399033592264532,0.05257931096127468,0.0
round-robin,openb_pod_list_multigpu50.csv,150,0,150,0,0.17359415584415583,0.28756211180124225,0.28756211180124225,0.1573732233433241,0.026820898056030273,1.153545181046902,6.4993286747178844,84.26267766566758,1.6328355753418209,6.2962319773945365,0.15538092583127044,0.0
best-fit,openb_pod_list_multigpu50.csv,150,0,150,0,0.17359415584415583,0.28756211180124225,0.28756211180124225,0.08945933765540738,0.03756403923034668,0.7411881086485302,0.7076511395890207,91.05406623445927,1.0454816140773708,6.332510962792242,0.11910194043356194,0.0
dot-product,openb_pod_list_multigpu50.csv,150,0,150,0,0.17359415584415583,0.28756211180124225,0.28756211180124225,0.1029388087415482,0.04153323173522949,0.7898178855866729,1.5550982403520275,89.7061191258452,1.4973518449903003,6.316761945875406,0.1348509573503966,0.0
drf,openb_pod_list_multigpu50.csv,150,0,146,4,0.14628896103896105,0.23787267080745345,0.23787267080745345,0.16849193553864092,0.0396881103515625,0.8799147689369317,8.87795093167252,83.15080644613589,0.6397149500288418,6.39903359226453,0.05257931096127467,0.0
least-requested,openb_pod_list_multigpu50.csv,150,0,146,4,0.14628896103896105,0.23787267080745345,0.23787267080745345,0.16955929555115487,0.046343088150024414,0.8312789062977525,9.033322795563087,83.04407044488451,0.6397149500288418,6.399033592264533,0.05257931096127468,0.0
gpu-packing,openb_pod_list_multigpu50.csv,150,0,150,0,0.17359415584415583,0.28756211180124225,0.28756211180124225,0.08592424582246785,0.04126882553100586,0.9193254264831432,0.5593713329925731,91.40757541775321,0.6621149195452561,6.3471350499293,0.10447785329650121,0.0
gpu-clustering,openb_pod_list_multigpu50.csv,150,0,150,0,0.17359415584415583,0.28756211180124225,0.28756211180124225,0.0824088402606744,0.032308340072631836,0.9193254264831432,0.5593713329925731,91.75911597393257,0.3105743633659117,6.3752582944236496,0.07635460880215367,0.0
fgd,openb_pod_list_multigpu50.csv,150,0,150,0,0.17359415584415583,0.28756211180124225,0.28756211180124225,0.08020585277528382,0.6872110366821289,0.6513343424890896,0.7893257288080217,91.97941472247163,0.1283123030054608,6.366399472407928,0.08521343081787314,0.0
htafm,openb_pod_list_multigpu50.csv,150,0,150,0,0.17359415584415583,0.28756211180124225,0.28756211180124225,0.11147421344558273,0.03146195411682129,1.2143851333030071,2.30055170774887,88.85257865544175,1.180871600280576,6.332229730347298,0.11938317287850544,0.0
random,openb_pod_list_multigpu50.csv,150,1,150,0,0.19504999999999995,0.3180745341614907,0.3180745341614907,0.20890766210239764,0.026582002639770508,1.0641527765127365,6.024253372600215,79.10923378976025,0.4690267277934642,12.77211039256762,0.5612229407657042,0.0
first-fit,openb_pod_list_multigpu50.csv,150,1,150,0,0.19504999999999995,0.3180745341614907,0.3180745341614907,0.16712511764884488,0.029912710189819336,0.8332827316796715,1.5747740636163996,83.28748823511553,0.9711216362550728,12.882573802511848,0.45075953082146714,0.0
worst-fit,openb_pod_list_multigpu50.csv,150,1,145,5,0.15800454545454545,0.25596273291925464,0.25596273291925464,0.2164503158304813,0.04433608055114746,1.2022196250846389,6.766285443971386,78.3549684169519,0.3431931806587453,12.927530585932775,0.40580274740054334,0.0
round-robin,openb_pod_list_multigpu50.csv,150,1,150,0,0.19504999999999995,0.3180745341614907,0.3180745341614907,0.22021662567932732,0.025812387466430664,0.8327008126625575,6.55764540385179,77.97833743206728,1.2979830180850305,12.76153464695225,0.5717986863810706,0.0
best-fit,openb_pod_list_multigpu50.csv,150,1,150,0,0.19504999999999995,0.3180745341614907,0.3180745341614907,0.16853892785216218,0.03888511657714844,1.120421815384927,0.8181528372347211,83.1461072147838,1.5819847992632399,12.918298569997255,0.41503476333606587,0.0
dot-product,openb_pod_list_multigpu50.csv,150,1,150,0,0.19504999999999995,0.3180745341614907,0.3180745341614907,0.16712511764884488,0.04134511947631836,0.8332827316796715,1.5747740636163996,83.28748823511553,0.9711216362550728,12.882573802511848,0.45075953082146714,0.0
drf,openb_pod_list_multigpu50.csv,150,1,143,7,0.14759870129870134,0.2311180124223603,0.2311180124223603,0.22238019585139718,0.0388491153717041,0.7549748229528505,7.907365520460267,77.7619804148603,0.24234590839324666,12.779640250962645,0.5536930823706815,0.0
least-requested,openb_pod_list_multigpu50.csv,150,1,143,7,0.14759870129870134,0.2311180124223603,0.2311180124223603,0.22239747421708816,0.038084983825683594,0.7020177540817334,7.962050425900495,77.7602525782912,0.24234590839324666,12.837758390105103,0.49557494322822704,0.0
gpu-packing,openb_pod_list_multigpu50.csv,150,1,150,0,0.19504999999999995,0.3180745341614907,0.3180745341614907,0.15227353229903542,0.0329129695892334,0.5801732600621391,0.8286020787159325,84.77264677009644,0.48524455779214887,13.155746829806397,0.17758650352693536,0.0
gpu-clustering,openb_pod_list_multigpu50.csv,150,1,150,0,0.19504999999999995,0.3180745341614907,0.3180745341614907,0.15227353229903542,0.028368234634399414,0.7278035846211458,0.8147372256125331,84.77264677009644,0.3514790863365416,13.16030097863598,0.1730323546973516,0.0
fgd,openb_pod_list_multigpu50.csv,150,1,150,0,0.19504999999999995,0.3180745341614907,0.3180745341614907,0.1487283804434728,0.5943276882171631,0.6452469866715244,0.8534474906639951,85.12716195565271,0.040810233678436614,13.060767525882738,0.2725658074505875,0.0
htafm,openb_pod_list_multigpu50.csv,150,1,150,0,0.19504999999999995,0.3180745341614907,0.3180745341614907,0.17808644786511638,0.03123307228088379,1.0033042879841314,2.4723461962736946,82.19135521348838,0.999660968920464,12.780105453846213,0.5532278794871015,0.0
random,openb_pod_list_gpuspec33.csv,150,0,150,0,0.1225079545454546,0.18414596273291928,0.18414596273291928,0.2548159077424422,0.035485029220581055,0.3328249656789772,2.4071470478955166,74.51840922575576,0.9147307734001525,10.56812361029855,0.30144160709276324,10.95732276987827
first-fit,openb_pod_list_gpuspec33.csv,150,0,150,0,0.1225079545454546,0.18414596273291928,0.18414596273291928,0.23989671006410734,0.03618192672729492,0.29304236939599115,0.6389213227268475,76.0103289935893,1.3558562547012971,10.493771737682284,0.37579347970901367,10.83228584219527
worst-fit,openb_pod_list_gpuspec33.csv,150,0,149,1,0.11729691558441557,0.17172360248447205,0.17172360248447205,0.24891571293148368,0.04863715171813965,0.0,2.7726245330494614,75.10842870685165,0.5338906445241975,10.686167667745591,0.1833975496457168,10.715490898183383
round-robin,openb_pod_list_gpuspec33.csv,150,0,150,0,0.1225079545454546,0.18414596273291928,0.18414596273291928,0.25585257227688857,0.03315401077270508,0.15540658516785655,2.3995753213018745,74.41474277231114,1.2213650126650575,10.491227141040165,0.3783380763511396,10.939345091162759
best-fit,openb_pod_list_gpuspec33.csv,150,0,149,1,0.12225211038961037,0.18288819875776396,0.18288819875776396,0.24820665187151023,0.04261302947998047,0.5319935619587113,0.547795350927782,75.17933481284899,1.9972221900907705,10.500299097914075,0.3692661194772231,10.874088866782444
dot-product,openb_pod_list_gpuspec33.csv,150,0,150,0,0.1225079545454546,0.18414596273291928,0.18414596273291928,0.23989671006410734,0.047545671463012695,0.29304236939599115,0.6389213227268475,76.0103289935893,1.3558562547012971,10.493771737682284,0.37579347970901367,10.83228584219527
drf,openb_pod_list_gpuspec33.csv,150,0,149,1,0.11729691558441557,0.17172360248447205,0.17172360248447205,0.2532565291565426,0.046835899353027344,0.0,3.167194172359463,74.67434708434575,0.5554908003713598,10.60492255325254,0.2646426641387692,10.733402725532118
least-requested,openb_pod_list_gpuspec33.csv,150,0,149,1,0.11729691558441557,0.17172360248447205,0.17172360248447205,0.25124486181198424,0.043898820877075195,0.0,2.9515797864926485,74.87551381880158,0.5673097535707503,10.609507491993684,0.2600577253976262,10.736031423743707
gpu-packing,openb_pod_list_gpuspec33.csv,150,0,150,0,0.1225079545454546,0.18414596273291928,0.18414596273291928,0.23815190290315727,0.040956735610961914,0.3993982339258036,0.5917325020708466,76.18480970968432,1.0778332118271194,10.56791673252275,0.3016484848685456,10.87666112510063
gpu-clustering,openb_pod_list_gpuspec33.csv,150,0,149,1,0.12225211038961037,0.18288819875776396,0.18288819875776396,0.23977758517267533,0.03447675704956055,0.40915272666581837,0.8329505100363048,76.02224148273247,0.5729542776785376,10.649228376955902,0.22033684043539403,11.293135785495563
fgd,openb_pod_list_gpuspec33.csv,150,0,150,0,0.1225079545454546,0.18414596273291928,0.18414596273291928,0.22426833537038995,0.8956830501556396,0.506664360669059,0.5228628905128331,77.57316646296104,0.1639299495300977,10.620360248683626,0.2492049687076674,10.36381111893567
htafm,openb_pod_list_gpuspec33.csv,150,0,142,8,0.11280275974025977,0.1670652173913043,0.1670652173913043,0.24814912830305838,0.03763985633850098,0.11758931965571433,1.7399896088569493,75.18508716969421,1.2130970550592786,10.534811545030037,0.3347536723612614,10.874671629342565
random,openb_pod_list_gpuspec33.csv,150,1,150,0,0.13379577922077923,0.1719875776397516,0.1719875776397516,0.3143585841808033,0.03970789909362793,0.1708609446213527,1.898388536675237,68.56414158191971,1.2319051438397326,21.334619547431792,0.6434024305901884,6.156681814922007
first-fit,openb_pod_list_gpuspec33.csv,150,1,150,0,0.13379577922077923,0.1719875776397516,0.1719875776397516,0.2966299322161603,0.03673696517944336,0.42881130571476367,0.47771409447202706,70.33700677838401,0.8053813263474954,21.356402205550815,0.6216197724711713,5.973064517059717
worst-fit,openb_pod_list_gpuspec33.csv,150,1,150,0,0.13379577922077923,0.1719875776397516,0.1719875776397516,0.301479819407957,0.05141305923461914,0.0,1.9778323844035348,69.85201805920428,0.28026882726455166,21.598834741134674,0.3791872368873347,5.911858751105619
round-robin,openb_pod_list_gpuspec33.csv,150,1,150,0,0.13379577922077923,0.1719875776397516,0.1719875776397516,0.31314353638260345,0.032469987869262695,0.22060866146081057,1.9213252429065193,68.68564636173969,1.029802468179184,21.263130388477318,0.7148915895446537,6.164595287691828
best-fit,openb_pod_list_gpuspec33.csv,150,1,147,3,0.13231753246753242,0.16874223602484473,0.16874223602484473,0.31399405891775134,0.04240083694458008,0.45583467771650743,0.5267984028748416,68.60059410822494,2.1388470868231,21.179397816238644,0.7986241617833345,6.299903746338656
dot-product,openb_pod_list_gpuspec33.csv,150,1,150,0,0.13379577922077923,0.1719875776397516,0.1719875776397516,0.2966299322161603,0.046302080154418945,0.42881130571476367,0.47771409447202706,70.33700677838401,0.8053813263474954,21.356402205550815,0.6216197724711713,5.973064517059717
drf,openb_pod_list_gpuspec33.csv,150,1,150,0,0.13379577922077923,0.1719875776397516,0.1719875776397516,0.30560141980890637,0.04383111000061035,0.0,2.3899924244984647,69.43985801910938,0.2802688272645517,21.433702821070625,0.5443191569513679,5.911858751105619
least-requested,openb_pod_list_gpuspec33.csv,150,1,150,0,0.13379577922077923,0.1719875776397516,0.1719875776397516,0.30353072776746925,0.043203115463256836,0.0,2.1750097475849497,69.64692722325306,0.2802688272645517,21.40050332984098,0.5775186481810145,5.919772223875443
gpu-packing,openb_pod_list_gpuspec33.csv,150,1,150,0,0.13379577922077923,0.1719875776397516,0.1719875776397516,0.2955401810701493,0.03907370567321777,0.5123355378400009,0.46497834923309367,70.4459818929851,0.41121207200271026,21.631415992304152,0.34660598571783025,6.187470169917098
gpu-clustering,openb_pod_list_gpuspec33.csv,150,1,149,1,0.13282922077922077,0.17125776397515524,0.17125776397515524,0.30198994762147074,0.03463101387023926,0.3877893106125665,0.4831409245791585,69.80100523785298,0.8552201765744696,21.56626607733012,0.41175590069183954,6.49482237235886
fgd,openb_pod_list_gpuspec33.csv,150,1,150,0,0.13379577922077923,0.1719875776397516,0.1719875776397516,0.29016808710755193,1.2847118377685547,0.2266055900441917,0.8380450095250184,70.98319128924484,0.03495117140004994,21.234938641734832,0.743083336287147,5.939184961763912
htafm,openb_pod_list_gpuspec33.csv,150,1,141,9,0.1255198051948052,0.15801242236024848,0.15801242236024848,0.30578284949043333,0.051854848861694336,0.2772787849506645,0.8569458720683268,69.4217150509567,1.4942290668906184,21.044126277971078,0.933895700050908,5.971809247111697
